Rk,Team,Conf,G,Rec,AdjOE,AdjDE,Barthag,EFG%,EFGD%,TOR,TORD,ORB,DRB,FTR,FTRD,2P%,2P%D,3P%,3P%D,3PR,3PRD,Adj T.,WAB
1,Kentucky,SEC,34,34–0,119,83.5,0.9834,51.8,39.7,16.4,21.8,40.4,31.6,43.8,31.6,51.5,39.1,35,27.4,28.1,31,63.5,13
2,Wisconsin,B10,34,31–3,126.4,92.1,0.9743,54.6,46.7,12.4,16.7,31.9,23.7,35.6,21.1,55.1,44,35.7,36,37,26.7,59.3,11.3
3,Virginia,ACC,32,29–3,113.2,83.3,0.9714,51.2,41.7,16.1,18.1,34,24.3,34.2,27.9,50.1,39.5,36.1,30.3,27.3,36.5,58.3,9.9
4,Duke,ACC,33,29–4,124.6,93.1,0.9663,56.9,47.4,16.8,18.7,37.4,30.1,40.2,24.9,56.3,47.1,38.6,32,34.5,27.7,66.8,10.6
5,Arizona,P12,34,31–3,115.5,86.5,0.9654,53.6,44.3,16.7,21.1,34.1,22.3,47.1,36.3,53.4,42,36,32.8,25.8,31.4,66.9,8.9
6,Villanova,BE,34,32–2,120.7,91.4,0.9608,55.3,45.5,16.6,21.7,32.7,31.1,42.4,30.3,53.1,45.2,38.9,30.8,43,32.5,64.8,11.2
7,Gonzaga,WCC,33,31–2,120.4,92.9,0.9518,58.4,43.6,16.3,17.6,33.9,28.6,39.1,31.6,57.1,41.4,40.8,32.3,32.1,30.5,65.1,7.9
8,Utah,P12,31,23–8,115.1,88.9,0.9515,55.6,42.7,17.8,18.3,31.3,28.1,42.8,34.5,52.8,40.9,40.2,31.6,37.8,28.3,61.5,3.7
9,North Carolina,ACC,35,24–11,118.4,91.7,0.9496,51.4,45.3,18.2,17.8,39.9,30.5,34.7,37.6,51.3,45.7,34.5,29.8,22.6,37.1,70.2,6.4
10,Oklahoma,B12,32,22–10,110,87.3,0.9348,49.4,43.7,17.7,20.2,30.9,31.5,32.7,28.9,48.4,42.4,34.3,30.9,33.6,33.7,68.1,4.2
11,Baylor,B12,32,23–9,115.8,92.8,0.9274,49.8,45.8,19.6,19.6,41.8,31.7,38.8,32.4,46,46.5,38.2,29.8,33.2,35.9,62.2,4.8
12,Notre Dame,ACC,34,29–5,124.4,99.8,0.926,58.6,48.1,14.4,17.4,28.1,31.6,37.1,23.3,58.4,47.4,39.2,32.9,38.6,32.6,64.1,8.4
13,Louisville,ACC,32,24–8,107.9,86.6,0.9258,47.8,43.4,17.8,21.8,35.1,30.9,38.8,34.7,48.9,43.3,30.4,29.3,32.6,31.4,66,5.7
14,Kansas,B12,34,26–8,113.3,91,0.9252,49.3,44.4,19.1,17.5,34.9,31.8,43,33.6,46.5,43.5,37.5,30.9,28.3,31.9,67.3,8.7
15,Wichita St.,MVC,31,27–4,114.1,91.7,0.9251,50.7,45.2,15.2,21.6,34.8,27,35.4,36.8,48.9,42.5,35.9,34.4,35.3,29.7,62.2,4.4
16,Michigan St.,B10,34,23–11,114.8,92.6,0.9223,53.8,45.7,17.9,17,34.6,26,31.9,37.7,51.6,44.1,38.6,32.3,34.7,35.3,64.1,3
17,Northern Iowa,MVC,33,30–3,114,92.2,0.9206,56.2,45.1,18,19.3,26.9,26.9,40.2,26.7,53.9,43.8,39.7,31.6,40,38.1,58.5,5.6
18,Ohio St.,B10,33,23–10,114.2,92.8,0.9152,54.5,46.6,17,22.1,34.1,31.4,34.8,27.4,53.9,45.8,37.2,31.8,32.1,37.9,66.6,2.4
19,Iowa St.,B12,33,25–8,118.1,96.7,0.9086,54.7,47.9,15.8,18.5,28.5,29.2,37.4,24.3,54.7,45.4,36.6,35.2,36.8,34.6,69.9,6.8
20,Iowa,B10,32,21–11,113.1,92.6,0.9085,47.8,45.1,17.4,19.3,35.8,30.5,39.6,29.2,46.9,43.1,33.2,32.4,30.7,36.5,64.6,2
21,Texas,B12,33,20–13,110.6,91.4,0.8999,49.4,42.2,20,14.2,38,29,36.9,34.2,48.6,37.8,33.9,34.8,34,30.9,62.9,0.8
22,Butler,BE,32,22–10,108.5,89.7,0.8998,49.1,46.9,17.4,19.3,35.5,24.9,40.5,33.3,47.2,47.3,35.8,30.6,29,33.9,64.1,3.4
23,Georgetown,BE,31,21–10,111.5,93.2,0.8872,50.9,46.6,19.2,20.6,34.3,31.3,44.1,43.9,50.4,42.7,34.7,35.9,31.6,35.1,64.7,3.6
24,Xavier,BE,34,21–13,115,96.2,0.8861,53,50.2,18,19.2,31.3,27.1,38.1,34.4,53.4,48.9,34.9,35,32.8,37.2,66,1.3
25,West Virginia,B12,32,23–9,110.5,92.9,0.8803,46.6,52.6,18.7,28.2,40.9,31.1,40.4,55.9,45.9,51.6,31.9,36.5,33.8,31.8,69.1,3.9
26,Providence,BE,33,22–11,111.8,94,0.8796,48.6,48.1,17.9,19.7,35.3,29.5,41.6,38.5,49.4,47,31,33.3,28.4,35.8,65.8,3.6
27,Florida,SEC,33,16–17,106.2,89.7,0.8745,49.6,46,19.6,21.6,31.7,29.1,31.4,37.8,50.3,44.6,32.4,32.8,38.2,31.5,62.7,-3
28,San Diego St.,MWC,33,25–8,102.5,86.9,0.8697,46.7,42.7,18.6,21.5,35.9,30.2,36.2,26.7,46.1,41.2,32.1,30.6,30.5,32.3,61.2,1.5
29,SMU,Amer,32,26–6,111.2,94.5,0.8665,52.4,45.5,19.7,20,36.9,29.3,44.1,31.2,51.9,43.1,36,32.2,22.9,45.7,63.7,3.3
30,BYU,WCC,32,23–9,118.1,100.7,0.8624,53,49.6,16.4,18,33.9,28.2,42.3,39.6,50.3,49.6,38.5,33.2,36.2,32.5,70.6,0.9
31,Maryland,B10,33,27–6,109.9,93.9,0.8595,50.9,45.4,18.4,17.3,29.2,30.4,44.5,27.9,47.8,44.6,37.2,31.2,38.2,37.4,64.6,6.8
32,St. John's,BE,31,20–11,109.6,93.8,0.8575,49.3,46.1,15.7,19.5,27.8,35.4,36.2,32.6,47.9,44.8,35.1,32.4,30.5,35.4,66.9,2.2
33,Arkansas,SEC,34,26–8,113.3,97,0.8569,50.2,48.6,16.6,22.6,35.6,34.2,37.3,38.5,49.1,46.6,35,35.3,31.1,31.3,70.1,3.8
34,Davidson,A10,30,23–7,119.3,102.4,0.8535,56,49.1,14.3,17.3,29.8,30.1,29,35.4,53.5,51.3,39.3,29.8,45.7,33.1,67.3,1.8
35,Purdue,B10,33,21–12,110.1,94.5,0.853,50.7,45.5,20,17.8,36.2,31.1,42.5,38.5,51,42.3,33.5,35,32.3,31,65,0.9
36,N.C. State,ACC,33,20–13,113.3,97.3,0.852,49.6,45.5,16.2,15.4,34.1,30.5,36.1,34.1,47.4,43.6,36.1,33.2,32.4,31.3,64.9,1
37,Syracuse,ACC,31,18–13,105.9,91,0.8514,47.3,46.4,17.9,21.1,33.5,31.3,35.4,30,48.3,45.9,30,31.4,29.1,37.4,66.4,-0.38
38,VCU,A10,35,26–9,109,93.9,0.8466,48.8,49.3,15.7,23.8,31.7,30.8,37.5,37.7,47.2,48.1,34.2,34.4,39.9,35.3,67.4,3.1
39,Georgia,SEC,32,21–11,107.8,93.2,0.8435,48.9,44.2,19.3,16.8,32.3,28.9,47.8,34.3,47.7,43,34.4,31,31.3,35.4,64.7,1.5
40,Oklahoma St.,B12,30,17–13,109.7,94.8,0.8432,50.1,46,18.6,21.2,26.9,33.1,39.7,42.4,49,43.5,34.6,34.3,38.5,32,63.9,0.05
41,Miami FL,ACC,33,21–12,111.5,96.4,0.8426,50.8,48.2,15.9,18.1,28.8,29.6,34.7,27.9,48.5,47.1,36.1,33.7,40.7,33.7,62.7,0.7
42,Cincinnati,Amer,32,22–10,106.4,92.5,0.8335,50.4,44.5,21.3,20.3,37.3,31.7,37.8,25.4,50.5,42,33.3,32.9,30.6,33.4,60.2,-1.2
43,Indiana,B10,33,20–13,118.9,103.4,0.8327,54.6,50.5,17.1,16.1,35.3,31.3,32.7,32.1,50.7,51,40.3,32.8,39.6,30.7,67.1,-0.37
44,Illinois,B10,32,19–13,107.7,93.7,0.8325,47.9,47.5,15.1,19.8,29.9,28.1,31.7,29.9,44.8,46.8,35.7,32.4,35.2,36.1,65.7,-0.7
45,LSU,SEC,32,22–10,107.1,93.7,0.8238,50.5,44.6,20.5,19.2,34,33,33.4,30,50.3,43.6,33.9,31.3,28.5,28.9,70.3,0.45
46,Stanford,P12,32,19–13,111.8,98.1,0.8171,49.3,49.1,16.1,17.5,33.6,27.8,39,36.8,45.7,45.6,38.2,37.7,31.3,32,65.2,-1.1
47,Mississippi,SEC,32,20–12,112.7,99,0.8164,48.2,46.9,16.9,18.9,35,31.7,37.5,41.2,46.9,43.4,33.8,34.9,33.1,39.7,66.4,-0.6
48,Minnesota,B10,32,17–15,110.7,97.4,0.8138,52.1,50.8,17.7,24.2,30,33.4,32.9,34.5,50.1,48.3,37.2,36.8,33.6,36.6,68.1,-2.5
49,UCLA,P12,33,20–13,110.1,96.9,0.8126,49.4,48.7,17.5,18.5,33.8,28.1,36.3,32.7,47.2,45.7,36.3,35.5,29.3,39.1,66.9,-0.05
50,TCU,B12,33,18–15,106.8,94.1,0.8118,47.9,44.1,18.4,20,37.5,33.4,46.5,48,47.5,42.2,32.7,33.5,25.4,24.5,64.1,-2.8
51,South Carolina,SEC,32,16–16,104,91.8,0.8072,45.2,44.8,19.6,21,34.6,31.5,37.3,44.5,45.2,43.2,30.1,31.7,33.6,36.3,64.9,-3.7
52,Colorado St.,MWC,32,26–6,110.7,97.8,0.8067,50.3,48.5,16.3,18.3,34.1,25.5,41.5,33.5,48.9,45.6,35.2,35.9,36.7,35.1,67,1.5
53,Oregon,P12,33,24–9,112.6,99.5,0.8062,52.1,47.8,17,16.8,30.6,31.7,29.5,35.3,50.6,46.8,36.7,33.3,33.9,32.5,66.9,3
54,Vanderbilt,SEC,31,18–13,112.6,99.5,0.8058,54.1,46.7,20.5,18.4,32.1,32.8,42.1,34.4,51.5,44.5,39,34,36.4,33.1,63.3,-2.6
55,Saint Mary's,WCC,29,20–9,110.5,97.8,0.8032,52.9,47.8,18.8,15.6,32.8,24.5,34.6,33.2,50.8,46.7,37.7,33.4,36,32.6,63.1,-0.7
56,Michigan,B10,31,15–16,109.3,96.7,0.8022,49.4,50.9,15.6,19.4,25.5,31.2,26.6,26.7,47,50.8,35.3,34,40.6,35.4,60.3,-2.5
57,Boise St.,MWC,31,23–8,109.5,97.1,0.7996,53.5,47.4,16.1,19.4,27.6,25.9,32.9,31.5,49.8,47.8,39.1,31.2,41.7,35.4,63.7,0.47
58,Stephen F. Austin,Slnd,30,26–4,111.6,98.9,0.7993,56.2,48.8,20.3,24.4,37.7,29.9,42.4,49,55.6,48.2,38.1,33.6,36.2,27.8,66.5,1.5
59,Texas A&M,SEC,31,20–11,106.6,94.7,0.7962,50.1,46.2,19.2,19.5,34,28.2,38.2,37.8,49.2,46.7,34.9,30.3,29.5,42.1,64.1,-0.43
60,Dayton,A10,33,25–8,106.5,94.8,0.7923,52.8,47.3,17.8,21.1,24.2,28,48.6,31.1,52.9,47.1,35.1,31.8,37.4,32.8,64,0.9
61,Illinois St.,MVC,32,20–12,106.8,95.1,0.7913,48.8,47.4,19.9,20.6,36.9,29.3,34.1,41.7,47,46,35,33.4,31.6,33.6,65.3,-2.6
62,Richmond,A10,32,19–13,106.8,95.3,0.7885,52.2,46.5,15.9,21.6,23,33,31.6,33.4,52.7,46.6,34.3,30.8,37.9,29.6,61.6,-3.4
63,Rhode Island,A10,30,21–9,102,91.3,0.7801,49.2,44.5,21.1,22.4,32.4,28.9,47.9,44.2,51,45.5,29.6,27.7,28.2,26.3,65.5,-1
64,Buffalo,MAC,32,23–9,108.8,97.6,0.7786,48.6,48.5,16.4,19.8,34.7,30.4,42.3,33.8,47.6,47.9,34,33,30.2,38.1,69.2,-1
65,George Washington,A10,33,21–12,106.4,95.4,0.7767,49.1,45.4,19.3,18.3,36.1,30.7,39.5,28.3,47.7,44.1,35,32,28.7,34.7,62.4,-2.2
66,Valparaiso,Horz,30,25–5,105,94.3,0.7757,51.4,44.9,19.1,18.6,35,27.6,36.7,32.7,48.5,42.1,38.1,33,33.4,36.9,63.2,0.4
67,Old Dominion,CUSA,31,24–7,105.1,94.6,0.7703,49.1,46.1,17.7,21.3,36,26.8,31.4,39.6,48.7,45.9,33.2,31,32.7,38.4,60.5,-1
68,Temple,Amer,33,23–10,101.8,91.6,0.7696,43.9,44.5,15.2,19.4,31.9,29,35.2,34.2,43,43.6,30.4,30.9,36.4,32.5,65.9,-0.27
69,Clemson,ACC,31,16–15,103.7,93.4,0.7692,46,45.6,18.6,17.7,34.1,31.4,34.4,31.2,46.5,43.9,29.9,32.8,33.9,33.2,62.2,-3.1
70,Green Bay,Horz,30,22–8,103,92.9,0.7659,49.6,46.2,18.5,20.9,33.6,29.4,40,39,51.9,44.1,28.8,34,26.1,30.3,65.3,-0.9
71,Georgia St.,SB,32,23–9,109.1,98.5,0.7642,51.9,45,16.5,22.8,30.5,34.5,38.4,39.4,53.4,42.2,31.9,32.6,27.4,42,63.5,-2.6
72,Pittsburgh,ACC,32,18–14,113.1,102.2,0.7626,49,50.5,15.4,17.8,34.6,31.8,34.6,37.5,48.3,49.4,34,35.3,25.9,30.9,60.8,-1.6
73,Arizona St.,P12,32,17–15,107.5,97.3,0.7579,50.9,50.1,20.7,19.3,31.9,25.8,43.3,34.9,50,48.4,34.8,36.3,36.8,28.4,66.2,-3.8
74,Seton Hall,BE,31,16–15,108,97.8,0.7574,48.2,47.7,18.7,18,34.7,33.2,38.1,38,46,49,35,30,34.9,31.9,66.3,-2.4
75,Murray St.,OVC,30,25–5,113.2,102.8,0.7529,54.4,47.2,16.9,18.8,35.8,32.4,40.2,36.5,52.9,45.1,38.1,34,34.2,35.2,66.8,0.27
76,Memphis,Amer,32,18–14,104.3,94.7,0.7522,48.4,44.4,20.2,19.2,37,31.6,31.6,38.7,48.1,43.8,32.8,30.4,27.7,30.9,66.7,-5.2
77,Alabama,SEC,31,17–14,108.2,98.4,0.7477,50.4,47.8,19.1,19.1,30,31.5,44.1,40,51.9,47.2,32.1,32.4,40.8,37.3,62.7,-1.8
78,Georgia Tech,ACC,31,12–19,102.3,93.4,0.7398,44.4,49.2,19.6,18,38.7,25.8,31.1,33.8,46.1,49.9,26.7,31.9,27.3,32.8,64.2,-6.2
79,Tulsa,Amer,31,22–9,101.1,92.3,0.7394,47.4,45.1,17.7,19.6,30.1,27.7,42.4,30.4,46.3,43,33,32.3,32,37.6,64.3,-0.23
80,Penn St.,B10,34,18–16,103.8,94.8,0.7392,48,45.3,18.2,17.8,29.7,31,34.7,41.5,46.8,43.6,33.4,32.6,35.9,33.3,65.9,-3.6
81,Central Michigan,MAC,28,20–8,113.9,104.7,0.7244,54.8,51.1,15.2,19.8,29,31,37.5,36.3,53.8,51.5,37.2,33.6,48.9,36.3,64.3,-2.3
82,Boston College,ACC,32,13–19,107.5,99.2,0.7165,50.8,49.4,18.8,18.8,26,30.9,35,40.8,52.1,49,32.4,33.5,38.3,31.5,63.9,-6
83,Marquette,BE,32,13–19,104,95.9,0.7162,49.8,49.2,19.3,21,29,36.4,35.8,30.3,48.8,46.4,34.4,36,35.4,36.4,64.3,-4.9
84,Connecticut,Amer,34,20–14,104.9,96.9,0.7147,50,44.8,18.6,17.7,30.5,30.6,33.1,32.9,48.3,42.4,35.4,33,35.1,33.8,62.5,-3.2
85,Kansas St.,B12,32,15–17,104.7,96.7,0.7126,47.8,49.7,20.9,20.2,34,31.4,46,41,46.9,49.5,33.5,33.5,26.4,31.8,62.7,-2.8
86,UTEP,CUSA,32,22–10,105,97.1,0.712,52.4,46.6,19,18.8,29.2,29.8,43.6,31.8,51.6,44.9,36.2,33.5,29.8,32.2,65,-3.5
87,Oregon St.,P12,30,16–14,98.6,91.1,0.7117,46.6,44.7,19.1,23.7,28.5,32.8,36.8,44.3,46,44.4,32,30,31.8,40.9,60.9,-4
88,Creighton,BE,33,14–19,108.5,100.5,0.7087,49.4,50.5,18.4,17.1,31.3,28.1,36.3,33.4,47.6,46.9,34.6,38,42.7,35.7,63.1,-5.9
89,UC Irvine,BW,31,19–12,105,97.3,0.7073,50.7,44.7,18,17.3,29.8,30.7,31,36.1,47.7,42.3,38.3,33.6,30.5,29.1,64.1,-4.3
90,Toledo,MAC,33,20–13,111.3,103.1,0.7067,52.3,49.7,18.1,16.2,33.3,29.4,41.2,31,51.2,51,36.6,31.7,29,38.2,67.2,-4.7
91,Louisiana Tech,CUSA,32,24–8,105.4,97.7,0.7052,50.2,46.6,15.7,23.2,29.1,35.6,34.4,31.3,51.3,45.1,32,33.5,35.7,29,67.6,-1.4
92,Colorado,P12,32,15–17,105.4,97.7,0.7041,48.4,48.4,19.9,17,33.5,28.6,41.4,33.8,47.4,46.1,34,34.9,28.7,36.4,65,-5.6
93,Sam Houston St.,Slnd,29,21–8,100.9,93.6,0.7023,47.5,44.8,20,20.7,35.9,27.7,46.3,41,47.5,43.6,31.7,31.8,40.8,28.2,64.9,-3.2
94,Harvard,Ivy,27,20–7,100.9,93.9,0.6958,47.3,46.1,18.7,19.9,32.3,27.8,39,33.1,45.8,44.1,34.1,33.4,26.5,32.3,61.8,-1.1
95,Wake Forest,ACC,32,13–19,104.6,97.6,0.689,47.8,50.9,19.3,17.1,31.8,26.4,41.5,35.2,46.5,51.1,33.6,33.8,33.9,35.2,68.7,-5.8
96,Yale,Ivy,30,20–10,104.2,97.3,0.6864,49.9,47.6,20.4,19,34.2,27.8,40.9,33.1,47.3,48.1,36.5,31,35.3,32.3,62.6,-2.7
97,UNLV,MWC,32,17–15,105.7,98.9,0.6839,50.2,45.3,17.3,16.2,26.7,32.4,32.7,29.9,48,42,36.1,35.1,35.3,30.5,65.7,-5.3
98,UC Santa Barbara,BW,30,17–13,107.4,100.4,0.6834,49.4,47.2,17.1,18.2,30.7,30.1,32.3,39.7,46.5,44.9,36.8,34.6,33.2,33.1,62.6,-5
99,Bowling Green,MAC,30,20–10,103.6,97.1,0.6773,49.8,46.7,18.6,20.1,31.3,29.5,32.7,33.5,49,45.6,34.1,32.4,36.6,37.4,63.8,-3.9
100,Akron,MAC,34,20–14,103.7,97.3,0.6754,49.4,45.5,18.8,18.8,33.3,31.5,31.3,41,46.7,43.8,34.9,33,47.8,30.7,64.1,-6.7
101,Florida St.,ACC,33,17–16,103.7,97.3,0.6751,50.1,47.3,21.9,18,31.8,31.9,46.9,37.9,51.4,46.5,31.3,32.5,28.2,32.5,66.6,-3.4
102,La Salle,A10,33,17–16,99.3,93.3,0.6712,46.7,45.8,19.9,20.1,29.6,30.8,36.4,34.4,46.1,45.1,32.1,31.6,29.4,29.5,64.9,-6.1
103,New Mexico St.,WAC,31,21–10,104.4,98.1,0.6712,51,45.9,21.9,20.5,39.5,30.7,44.8,32.5,49.7,46.4,36.3,29.5,25.3,23.5,64.2,-4.3
104,Nebraska,B10,31,13–18,98.3,92.6,0.6651,46.2,46.8,19.4,20.6,26.7,30.3,36.5,38.5,48,44.7,28.4,33.4,35.1,38.2,63.7,-5.4
105,San Diego,WCC,30,14–16,101.7,95.9,0.6633,48,47.9,18.4,21.3,30,31.6,38.4,42,46,46.9,34.5,33.7,34.7,27.4,63.6,-6.3
106,Tennessee,SEC,32,16–16,107.3,101.2,0.663,48.2,51.9,19.7,22.6,37,33.3,32.3,43.5,47.4,49.1,33.1,37.1,34.3,43.1,60.8,-3.4
107,Iona,MAAC,34,26–8,112.2,105.9,0.6614,55.3,48.2,17.3,16.9,28.4,33.2,37.1,28.1,51.9,46,40,35.2,42.7,32.2,70.2,-1.8
108,Washington,P12,31,16–15,106.5,100.6,0.6575,49.3,47.1,17.5,16.8,31.4,33.2,33.9,31.7,48.9,46,33.4,33,33.1,29.5,66.1,-4.6
109,Northeastern,CAA,34,23–11,106.6,100.9,0.6537,54.6,49.6,21.4,15.6,29.6,25.6,42.2,24.7,52.9,48.7,38.8,34.4,30.8,29.1,63.7,-4.2
110,Hawaii,BW,33,20–13,103.6,98.1,0.6524,49.3,47.6,18.7,23.4,32.2,34.4,36.7,42,49.3,45.2,32.8,34.8,34.4,34.4,69.7,-6
111,Wofford,SC,32,26–6,102.5,97.2,0.6479,51.6,46.9,17.3,20.1,29.3,27.7,38,36.5,49.5,47.3,37.1,30.8,32.9,31.8,61.5,0.47
112,Pepperdine,WCC,30,17–13,99.9,94.8,0.6476,47.4,45.3,19.5,18.7,29.3,32.9,37.2,34.1,47.2,47.6,31.8,26.6,28,29.9,64,-3.7
113,William & Mary,CAA,30,18–12,111.3,105.7,0.6445,56.9,50.4,17.7,17.6,23.5,29.6,36,32.2,55.6,48.9,39.1,35.1,42.6,38.1,64.5,-5.2
114,Portland,WCC,30,15–15,108.2,102.8,0.643,50.1,49.5,18.2,17.2,34.7,30.8,36,35.8,46.7,48.9,38.3,33.7,31.3,32.5,64.6,-6.1
115,Wyoming,MWC,32,23–9,102.7,97.6,0.642,52.1,46.7,18.7,18.1,22.1,26.9,41,26.7,54.6,44,32.3,34.4,39.7,35.2,59.1,-1.3
116,Hofstra,CAA,33,20–13,108.7,103.4,0.6407,52.5,49.2,16.1,19.8,32.7,28.3,39.9,37.8,50.7,48.3,36.7,34,41.3,33.9,69.3,-8
117,South Dakota St.,Sum,31,21–10,104.9,100,0.6336,52.1,46.6,17.3,18.3,28.8,27.8,41.2,39.9,49.3,44.5,37.7,34.3,38.9,31.1,66.1,-4.4
118,UC Davis,BW,29,23–6,109.9,105.1,0.6268,57.8,47.9,21.2,17.9,28.6,33.5,40.1,33.7,52.2,46,44.4,34.2,39,35.1,63.2,-0.7
119,California,P12,33,18–15,101.4,97,0.6258,48.9,46.8,16.6,14.3,26,25.1,30.3,38.8,47,45.6,35.9,33.4,27.6,25.4,66.1,-3.4
120,North Carolina Central,MEAC,29,22–7,100.9,96.6,0.6218,52.9,41.6,19.9,20.2,30.9,30.6,37.5,40.7,53,41.1,35.2,28.4,36.6,34.4,60,-2.2
121,Massachusetts,A10,32,17–15,104.4,100.2,0.6164,47.3,48.7,20.5,17.5,34,31.3,42.4,35.2,48.4,47.1,29.6,35,27.3,29.4,67.8,-4.8
122,San Francisco,WCC,31,13–18,104.6,100.5,0.6113,50.7,49.2,17.9,18.9,30.5,30.8,41,38.7,50.7,46.9,33.7,35.5,34.6,36.7,66.1,-9
123,Northwestern,B10,32,15–17,104.7,100.7,0.6109,50.4,48.4,18.1,15.5,27.6,30.9,28.6,32.8,48.3,43.8,35.9,37.7,38,36.1,60.6,-4.2
124,Utah St.,MWC,30,17–13,104.8,100.9,0.607,52.4,45.8,16.3,17,21.7,34,36.4,29.1,48.5,46.3,39.4,29.9,37.2,35.9,64.1,-5.9
125,Kent St.,MAC,31,20–11,103.9,100.2,0.605,49.8,46.1,17.9,18.2,33.3,31.8,38.2,39.2,46.8,45.3,36.6,32,37.1,30,62,-4.4
126,New Mexico,MWC,31,15–16,99.7,96.1,0.6041,47.9,46.7,20.2,18.6,33.3,26.1,38.4,32.8,48.6,46.4,30.8,31.4,30.2,41.8,62.8,-8
127,Cleveland St.,Horz,30,16–14,104.5,100.8,0.6003,50.9,48.6,18.9,21,32.3,31,31.4,44.6,48.3,45.6,37.1,36,35.4,35.4,61,-6.6
128,St. Bonaventure,A10,31,18–13,102.6,99,0.6002,47.1,48.4,18.9,19.7,35,29,37.9,33.9,47.1,45.3,31.4,36.2,29.2,34.4,65,-5.2
129,Long Beach St.,BW,31,14–17,102.3,98.8,0.5994,47.6,49.2,20.2,21,31.5,34,34.4,36.9,46.3,49,33.2,33,36.9,37.6,65.7,-5.5
130,Evansville,MVC,30,18–12,103.3,100,0.5913,51.1,49.4,19.8,19.9,26.1,28.6,46.1,31.8,51,48.2,34.3,34.5,23.7,33.6,65.7,-4.5
131,DePaul,BE,32,12–20,107.5,104.2,0.5888,50.7,50.8,19.8,18.8,27.4,35.5,36.5,48.7,49.2,52.7,35.2,31.2,40.5,31,67.7,-7.4
132,Eastern Washington,BSky,31,23–8,110.8,107.5,0.5868,55.4,52,15.9,17.7,29.3,30.6,35.6,35.1,52.3,49,39.6,38.4,43.2,35,68.6,-2.3
133,Louisiana,SB,30,17–13,103.2,100.2,0.5846,49.7,47.6,20.4,18.3,34.9,27.4,38.6,37.4,48.8,47.5,34.4,31.9,31.6,28.9,70.4,-7.9
134,Auburn,SEC,34,14–20,104.3,101.4,0.5799,46.9,52.5,18.9,21.3,27.6,34.1,48.8,41.9,43.4,53.8,35,33.3,38.8,32.7,68,-7
135,Eastern Michigan,MAC,30,17–13,99.3,96.6,0.5796,47,46.1,17.8,21.4,30.2,33.3,42.2,42.6,46.8,43.8,31.5,33.2,38,38.9,66.2,-6.1
136,Vermont,AE,30,17–13,99.9,97.3,0.5753,51.6,43.2,20.1,20.8,26.8,29,41.4,41.2,50.7,41.1,35.8,32.3,30.1,28.6,64.1,-8.7
137,Albany,AE,32,24–8,104.7,102.1,0.5718,50.1,49.6,19,20.3,32.5,25.5,39.9,30.4,48.1,45.9,36,36.5,34.1,41.6,61.5,-3
138,Eastern Kentucky,OVC,28,17–11,103.1,100.6,0.5705,53.2,52.8,18.3,27.2,22.4,34.6,34.6,36.3,55.1,49.2,34,38.6,47,41.2,63.9,-5.3
139,Loyola Chicago,MVC,30,17–13,103.2,100.9,0.5636,53,49.5,21,20.1,28.7,32.4,32.1,31,49.9,51.2,39.4,31.1,32.8,36.7,60.9,-4.5
140,Western Michigan,MAC,31,18–13,107.3,105.2,0.557,51.8,51.4,18,18.9,30.2,30.8,42.8,37.4,50.3,50.8,36.4,34.8,35.5,40.6,65.1,-5.7
141,Stony Brook,AE,32,21–11,100.1,98.1,0.557,46.1,45.8,18.8,17.6,37,25.1,32.5,32.6,45.3,42.8,31.9,34.2,28.7,35.3,64.3,-4.5
142,Cal Poly,BW,27,11–16,101.4,99.6,0.5507,44.1,49.3,14.8,17.3,31.9,28.2,31.5,31.3,42.5,47.3,31.6,35.6,33.2,32.2,59.3,-8.8
143,Texas Tech,B12,32,13–19,99.7,98.2,0.5427,45.7,49.2,21.8,20.1,34.6,32.6,46.1,36.5,44.5,48.2,32.3,33.9,32.5,38.4,62.4,-6.4
144,UAB,CUSA,33,18–15,101.8,100.4,0.5408,47.8,47.2,20.4,19.8,34,33.1,37.2,34.1,46.9,47,33.2,31.8,29.9,32.2,65.4,-7.2
145,Coastal Carolina,BSth,29,20–9,104.2,102.8,0.5388,49.9,47.1,17.8,17,35.2,27.6,39.6,35.6,48.2,45.1,35.4,33.5,34.2,39.4,63.9,-4.8
146,Columbia,Ivy,27,12–15,105.8,104.5,0.5373,51.6,47.9,19.4,16.2,32,29.2,28.2,38.2,49.7,47.2,35.9,33.1,45.9,30.1,60.5,-9.5
147,UNC Wilmington,CAA,30,17–13,100.3,99,0.5361,47.6,47.8,18.3,20.6,31.3,32,37.6,47.3,46.5,47.1,34,32.9,25.2,30.3,67.8,-6.5
148,Mississippi St.,SEC,31,12–19,98.9,97.8,0.5313,47.5,48,23.3,18.9,32.3,31.1,46.4,36.5,47.9,47,31.1,33.2,28.3,37.3,64.2,-9.1
149,Georgia Southern,SB,28,19–9,98.7,97.7,0.5296,47.3,46.2,18.3,22,32.6,32.2,36.2,32.7,47.5,45.9,31.4,31.2,41.5,37.2,63.8,-4.3
150,Morehead St.,OVC,32,15–17,101.7,100.8,0.5264,49.3,49.1,20.1,21.2,34.7,28.2,34.7,55.2,48.4,48.4,34,33.7,33.7,32.4,65.7,-10.3
151,Manhattan,MAAC,32,19–13,100.5,99.6,0.5257,49.7,48,21,24.1,31,33.7,47.9,51.9,48.9,47.9,34,32.2,36.5,27.6,67.9,-7.4
152,Belmont,OVC,31,21–10,107.3,106.5,0.5236,56.5,51.3,20.3,18.7,29.2,29.5,33,27.7,56.3,51.2,37.9,34.3,48,36.9,67.5,-4.4
153,Mercer,SC,31,16–15,103.6,102.8,0.522,49.3,49.3,17.5,19.6,33.6,32.5,40.8,32.2,48.5,46.8,34,35.4,32.5,40.5,60.5,-9.2
154,USC,P12,32,12–20,98.8,98.2,0.5176,46.8,48,20,19.1,31.5,34.3,33.8,31.2,45.8,47.2,32.9,32.9,27.7,35.3,68.6,-8.9
155,Montana,BSky,30,18–12,104.2,103.6,0.5163,53.8,50.8,18.1,20.1,27.9,28.9,34.1,44.3,53,48.8,36.5,35.9,40.7,38.6,62.4,-6.8
156,Oakland,Horz,30,14–16,108.9,108.5,0.5115,52.3,53,18.7,15.9,30.2,30.9,38.6,34.8,51.3,52.5,35.9,35.9,38.1,34.4,66.5,-7
157,Middle Tennessee,CUSA,34,18–16,99.7,99.3,0.5106,48,49.8,20.3,20.6,31.4,25.7,36.4,42.8,44.4,48.1,36.2,35.6,36,32.6,61.6,-8.5
158,North Florida,ASun,31,20–11,105.1,104.7,0.5094,53.6,47.9,18,18.2,28.9,32,39.4,33.4,51.1,48.1,38,31.5,42.1,27.6,67.4,-4.9
159,Saint Joseph's,A10,31,13–18,98,97.8,0.506,45.3,48.3,19.2,19,31.5,30.4,35.2,31.3,45.5,46.3,29.9,34.8,32.8,33.6,64,-9.4
160,Charlotte,CUSA,32,14–18,106.6,106.4,0.5056,51.7,50.6,19.6,18.4,33.7,31.3,36.9,33.1,49.8,48.3,37.6,36.5,28.8,36.7,67.5,-9.9
161,Virginia Tech,ACC,33,11–22,104.6,104.5,0.504,51.5,50.8,18.1,18.9,26,36.6,31.9,33.8,47.7,49.6,38.9,35.1,35.4,38.9,64.3,-9
162,Western Kentucky,CUSA,30,18–12,102,101.8,0.5033,49.6,48.6,18.9,18.9,30.4,29.2,38.7,34.1,47.2,48.1,35.6,33.1,37.3,35.2,66.9,-5.3
163,Quinnipiac,MAAC,30,15–15,101.9,101.8,0.5032,44,45.2,20.4,14,42.1,26.5,35.5,33.4,43.1,41.9,30.7,35.1,29.6,30.8,66.7,-10.6
164,Rider,MAAC,32,21–11,99.1,99.2,0.4976,49.3,47.5,19,21.7,31.4,30,36,37.5,49.4,46.4,32.7,32.7,33,38.5,64.6,-5.2
165,USC Upstate,ASun,30,19–11,102.6,102.7,0.4959,49.7,47.1,16.4,20.6,35,33.4,30.7,31.1,49,47.5,33.8,31.1,39,39.4,63.6,-6.6
166,Princeton,Ivy,29,15–14,104.4,104.6,0.4951,54.3,49.6,18.8,18.5,20.7,26.4,46.1,41.8,53,47.2,37.3,36.9,45.4,29.8,65.2,-8.7
167,Santa Clara,WCC,30,12–18,104.5,104.8,0.4914,48.2,51.7,17.1,19.1,28.1,34.1,31.1,43.2,46,49.2,34.6,37.7,38.1,34.1,61.6,-8.7
168,Chattanooga,SC,30,20–10,103,103.3,0.491,50.5,48,19.4,18.7,32.5,32.7,43.8,43.2,49.9,46.3,34.4,35,35.8,27.6,65.3,-4.6
169,High Point,BSth,28,19–9,105.3,105.7,0.4903,52.1,51.1,17.3,19.5,30.4,31.3,33,32.6,49.3,50,39,35.3,30.6,38.9,62.7,-3.7
170,North Dakota St.,Sum,30,21–9,100.5,100.9,0.4898,49.2,47.8,15.9,16.6,26.5,23.4,36.2,30,45.1,44.4,37.8,36.4,35.4,33,61.2,-3.7
171,Florida Gulf Coast,ASun,29,19–10,99.5,100.1,0.4818,48,44.8,17.9,17.2,34.6,32.4,33.3,34.8,46.8,45.5,33.9,29.1,30.2,35,64.7,-4.9
172,Louisiana Monroe,SB,29,17–12,96.3,97,0.4812,45.6,43.6,17.9,16.8,31.4,29.6,25.2,30.3,45.6,43,30.4,29.9,30.1,35.4,61.3,-6.7
173,Washington St.,P12,31,13–18,106.6,107.3,0.4796,49.6,52.4,17.3,14.1,26.4,30.3,39.7,34.1,48.7,50.8,34.2,37.4,36.6,29.6,67.8,-6.8
174,Indiana St.,MVC,30,14–16,100.3,101.1,0.4796,49.4,48.6,20.9,20.8,26.4,31.7,42.3,37.6,46.6,44.7,35.7,38.6,39.9,29.8,67.3,-8.1
175,Canisius,MAAC,30,16–14,99.1,99.9,0.4778,45.8,47,18.7,22,34.1,32.5,31.7,40.7,45,45.5,31.5,33.1,36.1,35.5,63.3,-8.9
176,Winthrop,BSth,29,16–13,102.8,103.9,0.4715,50.8,47,17.7,19,29.4,32.3,35.9,38.4,49.2,45.9,35.5,32.7,39.1,33.7,66.3,-8.7
177,Tennessee Martin,OVC,28,16–12,106.2,107.5,0.4663,53.2,50.6,18.7,15.2,29.8,26.6,33.6,30.5,50.8,48.7,38.2,36,36.4,36.5,62.1,-6.5
178,Rutgers,B10,32,10–22,96.3,97.6,0.4633,43.6,49.8,20.1,18.1,30.5,31.4,32.6,32,43.3,49.3,29.5,33.7,29.4,37.6,65.5,-8.8
179,UT Arlington,SB,30,15–15,101.8,103.1,0.4614,49.4,47.8,20.8,19.6,31.8,32.8,38.1,42.2,50.8,47.8,31.3,31.8,36.6,40.5,70.1,-8.7
180,Radford,BSth,29,18–11,103.9,105.6,0.4541,50.1,48.6,18.2,18.6,35.2,33.8,36.2,35.5,50.1,48,33.3,33.5,32.9,29,64.5,-6.1
181,Colgate,Pat,32,15–17,104.9,106.7,0.4528,56,50.7,18.8,16.5,23.7,28.4,27.4,35.1,53.8,47.8,39.5,37.8,38.7,32.1,61.2,-11.1
182,Lehigh,Pat,29,15–14,98.6,100.3,0.4501,49,46.8,19.9,17.4,29.2,30.4,36.2,31.2,47.8,44,34.8,33.9,28.5,40.3,66.9,-9.1
183,St. Francis NY,NEC,33,22–11,100,102,0.4457,46.2,47.1,19.9,20.5,39.8,29,41.4,39.5,47.4,44.1,29.1,36.8,32.7,26.5,64.7,-6.9
184,Northern Arizona,BSky,32,18–14,100.3,102.4,0.4414,46.4,49.4,18.1,17.3,34.9,26.5,37.2,40.5,42.8,49.3,35.5,33.1,35,33.5,64.9,-8.3
185,Monmouth,MAAC,33,18–15,98.3,100.4,0.4399,47.9,47.2,19.9,21.4,30,33.6,41,37.2,46.7,44.3,33.8,34.2,29.7,42.4,63.9,-8.7
186,Detroit Mercy,Horz,31,13–18,100.6,102.9,0.4354,49.7,52,19.3,21.2,29.4,29.8,32.4,48.3,46.3,53,37.9,33.7,31.8,40.3,68,-10.1
187,Missouri,SEC,31,8–23,99.5,101.8,0.4324,45.8,49.3,20.2,17.2,29.4,33.3,32.5,43.9,44.2,48,32.5,34.4,35,35,62.7,-10
188,East Tennessee St.,SC,28,14–14,102.7,105.2,0.4314,49.8,51.3,18.7,21.4,29.6,33,39.8,42.3,45.5,49.5,36.7,35.8,44.8,44.1,67.9,-8.7
189,NJIT,Ind,25,14–11,101,103.5,0.4306,52.3,46.2,21.5,19.4,28.6,33.2,38.5,45.1,49.3,44.2,37.7,33.3,41.9,34,66.9,-6.1
190,Houston,Amer,32,13–19,100.4,102.9,0.4293,46.5,49.1,20.5,19.9,33.6,33.7,31.5,33.2,45.2,48.4,32,33.7,45.1,33.2,64.6,-11.4
191,Southern Illinois,MVC,32,11–21,97.9,100.5,0.4232,45.7,51.4,20.8,21.3,31.4,26.2,41,40.8,44.3,48.2,33.3,38.1,25.9,35.8,62.8,-13
192,Dartmouth,Ivy,28,14–14,98.9,101.7,0.4209,49.2,49.4,20.4,21.4,31.1,28.6,36.3,42.6,47.6,47.4,35.1,35.1,32.3,38.5,63.2,-8.8
193,Lafayette,Pat,31,19–12,110.6,113.7,0.4201,56.3,52.9,16.9,16.9,27.6,34.4,31,27.6,53,50.8,41.4,37.6,35.4,37.1,65.2,-6.8
194,Robert Morris,NEC,33,19–14,99.9,102.7,0.4195,50.5,48.4,20.5,21.7,31.2,35.8,36,37.6,47.6,47.5,38,33.4,30.9,36.2,66.1,-8.3
195,Oral Roberts,Sum,30,16–14,103.2,106.2,0.4188,47.5,50.6,18.1,18.8,30.1,31,44.8,37.3,45.5,48.6,34.7,36.9,29.8,29.9,65.3,-8.1
196,George Mason,A10,30,8–22,100.8,103.8,0.4161,45.5,50,21.9,18.5,35.9,30.4,41.1,44.7,44.9,48.4,31.6,35.3,24.7,36.4,65.1,-12.5
197,Saint Peter's,MAAC,34,16–18,97.5,100.4,0.415,46.9,45.2,19.5,20.9,31.4,30.5,44,45.8,44.6,44.3,34.3,31.2,33.2,36.3,60.8,-12.4
198,Purdue Fort Wayne,Sum,27,13–14,104.3,107.6,0.412,53.2,51.1,18.8,16,25.6,26.7,41.5,27.5,52.6,49.9,36.1,35.5,37.8,34,64.8,-9
199,Northern Illinois,MAC,29,13–16,99.5,102.8,0.4085,47.6,51.8,21.7,21.4,36.4,31.1,47.1,40.9,47.2,52.5,32.2,33.9,30.7,43.3,62.8,-8.8
200,New Hampshire,AE,29,17–12,97.6,100.8,0.4081,49.5,45.6,18.9,17.2,27.2,23.5,36.3,41.6,46,45.3,37.1,30.8,37,32.7,64.2,-7.8
201,Fordham,A10,30,9–21,99.9,103.2,0.4076,46.7,50.2,22.2,18.7,33.4,29.5,33.1,41.7,47.8,49.6,29.8,34.1,36,36.6,65.9,-12.2
202,Saint Francis,NEC,30,15–15,98.1,101.3,0.4074,50.2,49.6,19.7,20.8,25.6,31,35.4,30.6,50.2,50.3,33.4,32.1,41,35.4,63.2,-10
203,Denver,Sum,30,12–18,104.1,107.5,0.4072,56.2,52.9,19.1,20.4,19.3,29.6,31.2,51.2,55.5,51.7,38,37.1,43,29.8,57.9,-12.2
204,Tulane,Amer,30,14–16,98.1,101.4,0.4072,46.4,49.9,19.9,20.3,32.6,29.3,34.7,36.1,45.5,49.6,32,33.7,36.2,29.3,63.7,-8.8
205,American,Pat,33,17–16,98.9,102.6,0.3967,53.4,51,19.4,21.8,21.3,31.6,34.4,33,51.8,50.9,37.4,34.2,38.6,32.6,57.2,-9.7
206,Charleston Southern,BSth,27,16–11,103.6,107.5,0.3957,48.7,52.8,17.1,19.1,33.7,27.8,35,33.4,47.1,50.7,33.6,37.2,46.3,40.4,65.8,-5.9
207,Fresno St.,MWC,30,13–17,100.6,104.3,0.3956,47.1,49.4,17.2,20.3,25.9,32.7,38.8,44.3,47.2,48,31.3,34.8,33.4,33.4,65.4,-9.2
208,Western Carolina,SC,30,13–17,101.3,105.2,0.3945,48.8,50.1,20.1,20.7,34.7,33.9,34.6,52.5,47.2,48.6,34.8,34.9,31.6,40.4,66.2,-10.9
209,Gardner Webb,BSth,30,16–14,105.3,109.3,0.394,50.7,53.3,17.5,17.1,30.3,31,38,29.6,50,51.6,34.5,38.2,41.4,30.2,68,-7.5
210,Milwaukee,Horz,28,12–16,100.5,104.5,0.3907,49,51.2,20,16.5,26.9,29.5,36.2,31.6,48.6,48.6,33.2,38.6,39.4,27.9,65,-8.8
211,Cornell,Ivy,29,12–17,94.2,97.9,0.3902,44.6,45.7,19,19.3,23.1,30,39.3,41.5,44.1,43.2,30.3,33.3,37.1,37.5,65.2,-10.9
212,James Madison,CAA,32,19–13,101.9,106.1,0.3876,51.8,50,20.4,17.8,28.8,31.6,43.6,32.4,50,48.1,36.5,35.4,36.7,37.6,64.8,-6.9
213,Rice,CUSA,29,10–19,99.9,104,0.3872,51.7,49.9,22.1,19.6,26.5,32.2,33.7,40.1,47.6,49,37.3,34.5,49.4,32.2,62.4,-12.9
214,UTSA,CUSA,28,12–16,104.4,108.7,0.3857,47.9,52.9,18.2,20.3,35.2,31.3,42.1,29.7,47.3,51.5,32.7,36.7,34.7,40,66.3,-11.1
215,Norfolk St.,MEAC,31,18–13,101.4,105.6,0.3856,51.5,47.6,20.6,18.3,34.6,30.9,43.4,39.8,51.9,45.9,33.7,33.6,29.9,39.4,65.1,-7.4
216,Southeast Missouri St.,OVC,28,11–17,100.7,105,0.3823,48.9,50.2,19.2,19.3,32.2,31.6,36.4,41.8,48.1,46.2,33.7,39.2,33.2,32,66.2,-12
217,Idaho,BSky,28,11–17,106.3,111,0.3792,53.4,53.6,17.5,15.4,30.7,27,38.6,41.5,49.2,53,41,36.3,33.6,43.1,68,-12.7
218,Air Force,MWC,29,12–17,105.3,110,0.3772,53.6,53,19.2,20.2,29.6,32.6,30.8,35.5,53.9,51.5,35.4,36.6,39.9,44.1,61.6,-10
219,Pacific,WCC,28,9–19,102.3,106.8,0.3769,46.8,51.9,19.8,16.2,34.6,31.3,39.4,43.1,44.3,50.7,34.2,36.1,36.4,36.2,61.9,-10.6
220,Bucknell,Pat,32,18–14,102.4,107,0.3765,50.1,50.1,17.2,14.7,29.1,26,40.9,38.2,46.6,47.8,38.3,37,32.6,29.4,64.8,-8.1
221,North Texas,CUSA,29,12–17,97.4,101.7,0.3759,46.9,49.3,20.1,20.4,31.1,33.1,40,38.2,47.8,48.1,29.9,34.2,30.1,40.1,66,-10.6
222,East Carolina,Amer,31,12–19,101.6,106.2,0.3744,48.4,50.9,18,19.2,28.2,34.7,29.9,34.1,45.2,53,35.6,31.6,38.3,36,61.9,-10.6
223,Texas St.,SB,28,11–17,92.3,96.5,0.3737,44,47.6,19.9,23.1,29,31.8,36.5,36.6,42.8,48.6,31.1,30.5,30.9,34.9,61.8,-11.5
224,Boston University,Pat,29,12–17,105.5,110.4,0.3737,52.7,53,19.4,16.3,28.2,28.4,44.9,33.6,50.8,50.9,36.8,37.4,42.4,40.1,64.7,-11.6
225,Northwestern St.,Slnd,27,15–12,110.1,115.5,0.367,52.9,53.9,16,20,30.2,39.3,35.8,37.9,51.8,51.7,36.6,39.2,35.9,30.8,73,-6.2
226,UC Riverside,BW,29,12–17,96.4,101.2,0.3644,46.7,49,20.2,18.7,30.7,28.7,33.7,42.5,45.1,44.6,33,39.7,35.8,29.7,65.7,-9.9
227,Little Rock,SB,30,12–18,102.7,107.8,0.3633,47.6,51,15.6,19.9,28.4,31.2,36,40.8,45.8,49.1,34,36.3,35.7,36,64.7,-12.8
228,South Dakota,Sum,31,15–16,101,106.2,0.3605,47.1,51,16.7,17.5,31,27,33.7,35.6,44.2,51.1,35.8,33.9,30.4,35.3,65.9,-10.4
229,Texas Southern,SWAC,34,22–12,101.2,106.4,0.3595,49.4,48.9,19.9,18.7,34,34.2,46.5,32.6,50,48,32,34.2,31.4,28.5,63.7,-4.3
230,Duquesne,A10,30,11–19,106.3,111.8,0.3578,51.2,51.7,18.3,16,31.7,33.3,32.5,33.8,49.5,47.7,36.2,38.5,37.1,40.1,67.6,-11.2
231,Sacramento St.,BSky,29,18–11,105.4,111.1,0.3544,53.8,53.9,16.8,19.9,27.3,33.3,35.7,31.9,50.7,54.5,40.9,35.2,29.3,37,62.7,-6.6
232,Ohio,MAC,30,10–20,100.3,105.9,0.3504,49.8,49.3,18.7,15.4,25.9,30.5,28.9,32.2,49,46.8,34,35.9,38,34.6,66.9,-13.2
233,Maryland Eastern Shore,MEAC,32,18–14,100.8,106.6,0.3459,51.8,51.2,23.2,21.4,35.2,32,47.7,40.3,48.8,52.8,38.5,32.5,33.5,39.2,64.8,-8.5
234,Bryant,NEC,31,16–15,102,107.9,0.3446,48.8,48.3,18.3,16.6,29.5,32,32.8,35.9,46.9,48.9,34.6,31.5,38.8,35.6,63.6,-10.1
235,Texas A&M Corpus Chris,Slnd,30,17–13,98.1,103.8,0.343,49,47.8,19.6,20.8,30.4,33.3,51.8,47.3,48.7,47.7,33,32,30,35.4,62.9,-8.5
236,UNC Asheville,BSth,28,12–16,100.4,106.5,0.3356,49.9,49.7,20.8,18.3,31.6,32.2,35.4,43.3,48.2,49,35.2,33.9,37.6,34.6,68.4,-11.3
237,Drexel,CAA,29,11–18,97.4,103.4,0.3354,45,50.1,17,18.5,27.5,31.2,33.1,35.7,42.6,49,33,35.1,34.7,30.6,61.2,-12.2
238,Incarnate Word,Slnd,24,14–10,105.1,111.8,0.3313,52.2,51,15.5,17.9,25.3,31.3,46.5,39.6,52.1,50.3,34.9,35.3,32.9,29.4,67.8,-5.8
239,Northern Kentucky,ASun,28,11–17,101.9,108.3,0.3313,51.2,50.6,17.8,16.6,28.5,30,30,45.3,51.9,49.2,33.4,35.5,37.5,35.6,64.1,-11.9
240,Bradley,MVC,32,8–24,92.5,98.4,0.3298,42.3,50.3,20.4,21.9,32,29,37.8,46.2,40.7,47.2,30.1,36.9,35.5,37.7,62.5,-15
241,Wright St.,Horz,29,9–20,97.2,103.4,0.3283,49.8,51.2,19,19.8,23.2,30.8,31.5,41.2,49,50.4,34.1,35.3,35.4,32.4,63.7,-13.4
242,Holy Cross,Pat,29,13–16,99,105.4,0.3271,47.2,53.2,17,21.6,29.6,29.7,34.9,41.3,45.4,51.7,33.7,37.5,33.7,31.6,64,-11
243,Mount St. Mary's,NEC,30,15–15,95.8,102,0.3262,47.2,49.6,19,21.3,30.6,32.4,30.4,35.6,45.5,48.5,33,34.8,42,29.5,62.9,-9.3
244,Eastern Illinois,OVC,29,15–14,96.9,103.3,0.3227,50.4,48.2,19,19.2,23.8,34.7,34.2,31.8,47.9,46.2,36.4,34.6,37.7,35.6,62.6,-7.9
245,Cal St. Bakersfield,WAC,30,11–19,97.9,104.4,0.3224,46,48.3,20.1,19,33.4,26.9,37.7,48.7,45,44.4,32,36.6,32.4,37.5,61.2,-14.4
246,Brown,Ivy,29,11–18,98.2,104.7,0.3219,47,48.5,21.6,16.4,29.8,30.5,45,36.4,47.2,47,31.1,34.7,33.3,30.6,68.2,-12
247,Weber St.,BSky,28,11–17,98.8,105.5,0.3187,48,50.8,20.5,16.6,28.8,30.2,46,31.5,45,49.6,34.9,35.9,40.4,27.7,63.3,-11.6
248,Siena,MAAC,31,11–20,104.5,111.7,0.3175,47.5,51.4,18.7,21.2,36.3,37.1,41.9,51,46.6,49.9,33.2,36.2,26.4,34.2,66.7,-14.9
249,Ball St.,MAC,29,6–23,98.9,105.8,0.3162,48.9,52.4,21.6,18.2,29.9,28.6,35.4,42.1,47.7,51.8,33.6,35.7,43.7,33,64.1,-15.5
250,Miami OH,MAC,31,12–19,98.9,105.8,0.3152,49.4,53.1,19.4,20.6,25.9,29.6,38.7,42.5,48.3,53.7,34.4,34.9,32.5,40.5,65.4,-11.9
251,Loyola Marymount,WCC,30,7–23,101.2,108.4,0.3128,46.3,53.7,21.5,18,33.5,34.1,36.2,35.5,43.8,50.5,35.1,39.2,27.9,38.7,62.9,-12.8
252,Seattle,WAC,29,14–15,97.1,104,0.3125,50.6,47.6,21.7,17.2,31.5,28.6,37.3,32.7,47.4,46,37.7,33.3,35.5,40.5,62.1,-11.3
253,Portland St.,BSky,27,13–14,101.2,108.4,0.3118,48.7,52.7,16.4,17.5,27.6,32.1,37.2,31.4,45.5,50.2,37.3,38.5,31,33.2,66.3,-9.6
254,Tennessee Tech,OVC,28,10–18,101.3,108.5,0.3115,48.8,53.1,20.5,18.7,36.4,29.2,34.8,42.7,49.1,52,32.2,36.8,30.6,35.7,66.6,-13.1
255,Missouri St.,MVC,29,9–20,97.4,104.6,0.3058,45.4,49.6,19.5,16.4,29.7,30,31.7,36.8,44.5,46.6,31.4,36.9,31.9,33.9,61.9,-12
256,Nebraska Omaha,Sum,28,11–17,100.9,108.5,0.3032,49.3,53.3,18.3,20.3,30.5,28.9,42.6,38.9,49.2,51.7,33.1,37.6,31.5,34.3,74.2,-12.5
257,Army,Pat,29,14–15,98.7,106.1,0.303,50,51,19.1,18.9,29.7,31.5,32,40.7,51.1,49.9,32.2,35.8,38.9,29,69.9,-10.6
258,Navy,Pat,31,12–19,97.9,105.4,0.3007,49.1,53.1,19.4,20.1,29.5,30,30.6,36.6,48.8,49.7,33.1,39.1,31.3,37.6,61.8,-13.6
259,Northern Colorado,BSky,28,13–15,108.3,116.6,0.3002,53,55.7,16.2,20,33.6,34.3,35.1,40.4,51.4,52.9,37.5,40.2,31.7,37.9,63.5,-10.5
260,Drake,MVC,30,8–22,103.2,111.1,0.3,52.1,54.9,22.3,16.9,23.3,32,34,30.5,47.4,53.2,40.6,38.5,35.2,35.9,59.5,-13.1
261,Marshall,CUSA,30,9–21,94.4,101.8,0.2971,46.2,48.6,21.6,18.6,28.2,32.5,34.9,36.6,45.9,49.1,31.1,31.7,42.3,34.7,70.4,-14.5
262,Youngstown St.,Horz,29,8–21,103.8,112,0.2958,50.1,53.6,17.2,17.8,27.6,34.2,35.9,36.8,48.5,51.7,35.6,37.9,32.9,36.1,67.6,-14.5
263,Sacred Heart,NEC,31,14–17,100.1,108.1,0.2922,49.6,49.2,19.4,18.4,33.9,32.7,35.9,33.6,50.3,47.7,32,34.7,27.8,34.6,69.1,-12.8
264,Grand Canyon,WAC,29,15–14,104.1,112.5,0.2908,50.7,49.8,17.2,16.4,27,34.2,41.2,36.7,50,49.7,34.6,33.3,36.4,30.2,64.7,-9.5
265,UCF,Amer,29,11–18,101.4,109.6,0.2899,49.1,51.3,19.7,15.8,30.7,36.8,35.1,27.2,47.6,50.3,34.5,35.6,35.3,30.4,64.7,-11.1
266,South Florida,Amer,31,8–23,97.4,105.3,0.2885,47.3,49.1,20.9,18.8,31.3,34.8,31.6,42.5,47.7,45.4,30.9,37.4,26.1,34.3,64.5,-14.3
267,Towson,CAA,31,11–20,98.8,106.9,0.2872,44.6,47.6,21.5,14.9,41.1,29.5,48.3,45,44.4,45.7,30.1,34.2,25.2,33.5,60.9,-14.2
268,Cal St. Northridge,BW,31,7–24,98.7,106.8,0.2871,45.3,51,19.5,16.6,28.4,30.5,41.1,35.9,44.3,48.5,33,36.6,19,38.6,65.8,-15.6
269,SIU Edwardsville,OVC,26,10–16,95.1,103.2,0.2817,48.7,49.3,20.3,19.8,28.8,31.9,37.4,37,45.3,46.9,36.9,36.1,33.9,33,66.6,-11.6
270,Saint Louis,A10,31,10–21,94.8,103,0.2784,46.2,51.6,21.7,20.9,27.2,32.1,41.5,44.5,45.2,50.6,32,35.7,33.6,33.3,63.5,-12.7
271,UNC Greensboro,SC,30,8–22,98.3,106.9,0.2767,49.7,50.8,18.8,18.2,30.6,29.7,31.3,48.5,47.6,49.7,36.1,35.2,31.5,35.9,66.1,-16.9
272,Charleston,CAA,33,9–24,94,102.3,0.2735,46,48.1,19.3,18.4,27.5,32.2,32.4,47.4,43.2,45.4,34.3,35.8,33.7,32.1,61.6,-16.8
273,Nevada,MWC,29,7–22,95.8,104.3,0.2724,40.8,47.6,21.9,15.7,39.8,31.9,39.9,40.7,41.4,45.7,25.8,34.1,24.4,33.8,64.1,-14.6
274,FIU,CUSA,31,14–17,94,102.5,0.2698,48.2,48,22.6,19.2,29,31.9,37.4,36.6,48.6,46.4,31.3,33.7,28.4,38.6,65.1,-11.2
275,IU Indy,Sum,31,10–21,92.6,101,0.2684,46.5,51.3,23.6,20.9,31.1,28.3,32.8,41.8,47.3,48.5,29.6,38.3,26.2,31.3,64.2,-14.2
276,Elon,CAA,31,13–18,95.8,104.6,0.2671,47.5,51.3,19,21.2,27.9,31.9,37.6,44.1,45.1,50.6,34.5,35,35.8,34.3,68.6,-12.3
277,LIU,NEC,30,12–18,95.8,104.5,0.2668,44.9,48.4,19.6,18.2,31.3,31,39.8,35.6,42.8,49.8,32.4,30.4,34.8,33.4,67.5,-13.4
278,Hampton,MEAC,33,16–17,94.1,102.9,0.2633,45.8,46.5,20.5,20.1,32.8,30.9,43.4,45.9,45.9,44.3,30.4,34.4,33.3,30.3,69.3,-12.3
279,Hartford,AE,29,13–16,95.6,104.5,0.2628,47.3,50.4,19,20.9,25.3,29.5,29.8,42.1,46,52,32.5,31.6,45.4,34.9,63.8,-10.9
280,Penn,Ivy,28,9–19,96.6,105.8,0.2607,49.1,51.2,23.6,18.1,29.5,29.1,35.8,39.8,47.7,48.1,34.6,37.6,32.5,37.1,63.8,-12.8
281,Delaware St.,MEAC,33,16–17,99.8,109.3,0.2597,48,48.6,19.7,16.2,32.2,31.8,31.6,36.2,45.2,47.5,35,33.7,38,36.9,67.2,-10.4
282,Cal St. Fullerton,BW,29,7–22,97.4,106.7,0.2593,45.7,51.3,19.2,16.6,28.5,27.1,36.7,41,44.9,48.1,31.8,38.7,31.1,32.1,66.4,-15.7
283,Delaware,CAA,30,10–20,98.8,108.5,0.2544,47.1,50,18.4,15.6,28.8,31.5,38.1,33.2,44.5,46.7,34.5,37,35,37.5,65.8,-13.7
284,Troy,SB,27,8–19,98.2,107.9,0.253,48.9,50.8,21.2,19.5,31.3,33.7,38,28.3,48.1,51.2,33.5,33.3,36.9,37.3,65.1,-14.4
285,Florida Atlantic,CUSA,27,7–20,97.2,106.8,0.2524,48.2,49.9,19.5,16.7,26,31.5,27.8,37.6,45.6,51.3,34.9,29.9,38.1,21.1,64.4,-14.7
286,South Alabama,SB,31,10–21,99.8,109.7,0.2512,47.8,49,20.9,15.2,30,33.1,41.9,34.1,47,48.1,32.9,34.2,34.8,29.7,68.8,-15
287,McNeese St.,Slnd,27,11–16,100,110,0.2503,46.4,51.9,16,18.5,33.7,34.4,30.9,34.9,45.9,53.1,31.6,33.1,33.5,35.5,63.3,-11
288,VMI,SC,28,9–19,97.4,107.2,0.2499,46.9,53.2,19.6,20.5,31.9,33.9,29.8,42.3,46.7,53.9,31.4,34.1,51.7,24.8,77.4,-13.8
289,Samford,SC,31,12–19,99.9,110,0.2474,49.8,53.3,19.2,21.1,30.1,34.1,37.9,45.4,49.2,51,34,38.9,33.3,31.1,66.8,-13.9
290,Alabama St.,SWAC,27,17–10,95.6,105.5,0.244,48.2,46.9,19.7,19.2,36,29.2,34.6,35.6,46.4,45.3,35.4,33.6,27.1,30.6,68,-7
291,Lamar,Slnd,26,11–15,97.3,107.7,0.2391,49.7,52.8,23.4,20.4,34.6,32.9,41.9,46,50.7,50.8,31.9,37.6,34.1,35.3,66.6,-9.7
292,Howard,MEAC,29,13–16,90.8,100.4,0.2388,46.2,45.7,25,21.4,33.5,34.6,43.4,40.1,47.4,44.8,28.9,31.4,30.7,38.7,63.2,-11.4
293,Fairfield,MAAC,31,7–24,94,104.1,0.2369,45.2,48.3,20.2,18.3,27.3,33.9,37.1,42.7,43.2,47.2,32.2,34.3,38.9,26.5,62.1,-18.2
294,Campbell,BSth,29,7–22,96.4,106.8,0.2341,49.8,52.5,20.1,19,27.5,30.8,35.9,42.4,46.5,52.7,36,34.7,44.2,32.4,61.8,-17.2
295,Appalachian St.,SB,29,12–17,95.7,106.2,0.233,45.6,50.6,20.6,17.2,31.4,29.8,33.6,37.6,44.5,51.5,31.6,32.3,36.7,29.4,65.8,-11.4
296,UMKC,WAC,31,12–19,95.9,106.4,0.231,46.1,51.6,20,23.6,31.7,36.5,40.3,39.8,43.7,52.2,33.4,33.6,36.9,35.6,64.2,-13.9
297,Niagara,MAAC,30,8–22,98,109.1,0.2245,45.6,53.7,20.6,18.1,32,29.5,41.2,36.3,42.3,52.1,35.1,37.9,32.6,35.1,65.2,-15.7
298,Illinois Chicago,Horz,32,8–24,98.2,109.3,0.2244,43.6,54.4,17.4,18,30.8,28.5,40,39,41.5,51.9,31.8,40.3,33.9,29.1,65.5,-16.5
299,Prairie View A&M,SWAC,32,14–18,95.6,106.9,0.2173,47.5,48.4,20.7,24.3,32.1,40.1,30.9,51.2,46.7,50.1,33.1,29.8,27.8,30.2,69,-12
300,Southeastern Louisiana,Slnd,31,8–23,95.3,106.7,0.2146,50.9,50.4,22.5,19.4,29.1,32.2,32.5,33.9,53,48.6,31.2,35.8,33.8,36.2,66.8,-17.3
301,Southern,SWAC,32,15–17,91.2,102.1,0.2142,45.1,44,20.1,20.6,32.1,34.7,40.5,45.6,44.9,43.7,30.6,29.8,26,31.3,65.2,-11.4
302,Lipscomb,ASun,28,11–17,98.3,110.3,0.2111,48.1,54.1,18.7,17.8,29.2,29.4,39.7,47,47.5,51.8,32.6,38.3,43.2,40.7,68.3,-11.7
303,Furman,SC,31,9–22,97.9,109.9,0.2103,49,52.3,21.1,16.5,29.5,32.3,44.1,36.5,48.9,51.3,32.8,36,39.7,35.2,62.9,-15.9
304,North Dakota,BSky,28,6–22,96,108,0.2064,48.4,53.2,17.9,18.1,24.7,29,38.5,42.3,47.8,51.2,33.1,38.6,33.3,29.7,68,-16
305,Arkansas St.,SB,28,10–18,93.7,105.5,0.2048,45.3,48.3,20,17.6,29.7,32.7,33,34.7,44.1,47.6,32,33.1,31.2,34.2,66,-12.8
306,Loyola MD,Pat,30,11–19,92.3,103.9,0.2038,42.8,49.7,20.3,17.6,31.9,28.6,37.6,44.9,40.4,49.9,32.5,32.9,28.6,33.1,63.3,-13.5
307,Marist,MAAC,32,7–25,92.7,104.6,0.1996,46.8,49.6,20.5,20.8,21.2,35.6,38,36.7,46.4,49.6,31.5,33.1,44,34.5,65.4,-19.6
308,Southern Utah,BSky,28,9–19,97,110.4,0.1842,52.3,51.5,20.1,15.7,22.6,29.3,38.7,50.6,48.4,49.6,39.7,37.2,35.5,30.4,68.1,-14.5
309,Montana St.,BSky,29,6–23,94.6,107.7,0.1834,46.9,53,20.6,17,29.1,28.2,28.7,44.8,42.4,50.4,35.6,39.4,41,29.6,66.2,-17.6
310,Longwood,BSth,32,9–23,95.7,109.2,0.1792,49,52.6,20.7,20.8,26.9,35.2,30,45,44.9,50.5,36.9,37.5,39.5,37.3,67,-17.7
311,Wagner,NEC,29,9–20,96.7,110.4,0.1787,44.6,53.4,20.1,19.8,37.2,30.3,33.9,53.3,44,51.7,30.6,37.7,31.3,34.3,67.6,-15
312,New Orleans,Slnd,26,8–18,95.7,109.4,0.1766,46.5,54.8,22.2,21.2,35.7,32.9,45.9,44,45.2,53.9,33.9,37.8,23,31.3,67.6,-13.1
313,Idaho St.,BSky,28,5–23,95.4,109.2,0.1747,48.1,52,18.7,18.7,29.9,32.2,37,34.8,46.6,49.3,34.9,37,25.7,42.7,63.9,-18.9
314,Jacksonville St.,OVC,29,10–19,92.8,106.3,0.1734,43,51.1,18.5,19.2,28.7,34.5,37.6,39,42.3,50,29.5,35.7,35.6,30.3,63.8,-13.8
315,Austin Peay,OVC,28,6–22,93.1,106.9,0.1697,44.5,54.9,20.8,20.3,31.8,29.2,41.6,38.4,44.2,53.2,30.1,38.6,30.2,36.3,67.2,-16.4
316,Utah Valley,WAC,28,9–19,91.6,105.6,0.1633,44.5,49.9,20.3,17.8,28.5,30.4,33.3,37,44.4,49.1,29.8,34.3,37.1,34.2,62.5,-14.1
317,Jackson St.,SWAC,32,11–21,89,102.6,0.1618,42.9,48.6,21.9,22.7,37.7,28.1,32.9,54.1,43.7,47.2,27.4,34.1,30.8,37.3,64.2,-16.6
318,UMass Lowell,AE,28,11–17,91.1,105.4,0.1581,47.9,53.9,20.5,23.3,21.6,30.4,34.3,34.1,44.6,54.1,34.9,35.8,42,38.8,64.2,-11.5
319,Southern Miss,CUSA,27,7–20,94.6,109.7,0.1533,48.9,53.5,22.2,20.1,26.6,34.2,34.1,31.9,48.8,53.1,32.8,36,38.6,41.2,62.4,-13.6
320,Houston Christian,Slnd,24,8–16,99,115.1,0.1494,47.4,52.8,21.4,17.2,37.6,31.5,39.4,43.7,47.5,51,31.5,37.9,25.1,31.8,66.7,-11.7
321,Fairleigh Dickinson,NEC,28,7–21,95,110.7,0.1467,46.5,52.3,18.6,23.2,27.6,40.4,34.2,51.8,45.5,52.5,32.1,34.7,37.8,34.2,67.5,-16.2
322,The Citadel,SC,27,8–19,102.1,119.6,0.1398,51.7,55.1,21.7,15.9,31.3,34.6,38,29.6,46.8,56.5,40.2,35.1,35.8,35.8,59.1,-14.4
323,Presbyterian,BSth,28,6–22,95.2,112.2,0.132,48.4,54,20.9,15.9,27.3,33.6,33.3,28.7,48.8,50.6,31.7,38.9,25.4,43.4,62.5,-16.8
324,Nicholls St.,Slnd,26,7–19,89,105.4,0.1245,47.8,50,25,20.3,30.1,34.5,42.4,50.7,48.4,48.3,31.2,35.7,33,31.9,66.9,-13.7
325,Western Illinois,Sum,26,6–20,89.3,105.9,0.1245,45.3,50.7,18.3,16.7,20,28.9,30.3,37.1,41.2,49.4,35.2,35.5,35.7,32.5,67,-15.1
326,Coppin St.,MEAC,30,7–23,96.2,114.3,0.1212,47,54.5,18.4,19.3,25.3,38.1,30.5,42.4,42.4,53.2,35.3,38.4,43.1,30.8,74.4,-16.3
327,Morgan St.,MEAC,31,7–24,92.6,110,0.1207,40.2,53.3,16.2,21.6,34.8,33.8,33.1,43.2,39.1,52.9,28.4,36.1,30.6,30.4,65.1,-18.2
328,Arkansas Pine Bluff,SWAC,32,12–20,90.4,108,0.1147,46.3,51.2,23.5,24.9,30.5,39.5,35.6,48.8,44.2,48.8,33.3,36.9,37.4,35.9,64.1,-14.9
329,Binghamton,AE,30,5–25,90.9,108.9,0.111,44.6,52.3,21.6,20.4,26.2,32.5,39.8,33.8,43.9,49.8,30.6,37.5,33.8,38.4,63.6,-19
330,South Carolina St.,MEAC,31,9–22,88.6,106.5,0.1072,42.4,51,19.4,20.1,30.1,33.2,32.8,36.4,41.1,51.5,30.1,33.4,33.2,35.6,65.2,-16.9
331,Tennessee St.,OVC,29,3–26,87.9,105.7,0.1064,43.9,50.4,22.1,18.3,26.5,32.8,40.4,42,40,51.5,34.8,32.7,32.2,42.6,64,-19.5
332,Bethune Cookman,MEAC,30,9–21,89.7,108.2,0.1039,44.2,48.2,22.7,20.9,34.4,34.1,40.3,46.4,44.4,47.5,29.1,33.1,34.2,34.1,60.7,-17.9
333,UT Rio Grande Valley,WAC,28,7–21,92.1,111.1,0.1039,44.7,50.5,20.9,19,30.4,36.6,38.6,35.4,45.6,50.1,28.2,34.1,27.2,35.3,64.4,-16
334,North Carolina A&T,MEAC,30,7–23,91.5,110.6,0.1017,44.6,50.4,23.6,18.8,34.1,34.4,37.3,40.9,45.7,47.8,28.4,36.5,34.9,37.1,62.7,-18
335,Abilene Christian,Slnd,28,7–21,92.1,111.3,0.1016,47.3,55.3,19.8,20.8,24.1,33.9,28.3,44.7,42,55.2,37.8,37,36.2,32.9,64,-16.5
336,Jacksonville,ASun,29,7–22,94.7,114.6,0.101,46.6,54.5,18.6,19.1,27.7,33.8,39.3,38.8,43.1,54.1,35.8,36.8,32.3,37.8,64,-17.4
337,Stetson,ASun,28,6–22,94.6,114.5,0.1009,48.1,51.6,18.3,16.4,26.1,35.1,34.1,31.5,48.3,49.1,31.8,37.1,33.5,37.7,66.3,-17.6
338,Liberty,BSth,28,4–24,88.8,107.6,0.0989,46,50.2,24.5,18.1,30.6,32.5,40.2,41.8,45.8,48,31,35.6,28.4,41.7,66.2,-20.2
339,Chicago St.,WAC,29,5–24,87.7,106.3,0.0983,42.3,52.8,23.5,22.3,33.6,33.3,27.1,53.9,40.6,50,30.2,38.1,37.6,38.5,63.5,-17.4
340,Savannah St.,MEAC,29,7–22,85.6,104.4,0.0931,44,53,24.7,24.8,30,33.7,34.2,50.5,46.2,51.9,25.2,37.1,25.6,28.9,65.5,-16.1
341,Alabama A&M,SWAC,28,8–20,92.8,113.1,0.0927,44.7,50.5,21.9,18.3,35.2,36.4,41.6,41.3,45.4,50.7,29.1,33.3,37.6,29.3,63.5,-15.7
342,Maine,AE,30,3–27,92.5,112.9,0.092,46.7,55.8,21.6,19,23.5,31.7,27.7,36.6,45.5,55.6,32.6,37.4,37.9,36.6,66.6,-20.6
343,Central Connecticut,NEC,31,5–26,91.3,111.5,0.0918,44.6,51.4,21.3,15.8,30.9,32.8,28.6,23.9,43.2,51.2,32.2,34.5,27.1,35.3,63.8,-21.6
344,Kennesaw St.,ASun,30,8–22,91.9,112.5,0.0889,45.3,50.7,21.3,16.2,29.6,35.1,29.8,35.7,44.1,51.1,31.5,33.4,37.7,34,66.1,-16.6
345,UMBC,AE,30,4–26,87.4,107.6,0.0837,46.3,51.2,24.1,19.7,23.5,30.5,37.2,33,45,49.6,32.6,36.1,32.4,35,65.1,-20.5
346,San Jose St.,MWC,28,0–28,85.7,107.2,0.0708,41,54,21.6,17.8,24.1,31.8,29.1,42.9,38.7,51.8,29.4,38.8,43.6,34,64.6,-21.2
347,Alcorn St.,SWAC,30,5–25,90.9,116.9,0.0529,43.1,52.8,17.2,18.6,30.2,35.9,37.5,39.9,43.3,50.9,28.4,38.2,30,29.5,67,-20.4
348,Mississippi Valley St.,SWAC,32,6–26,89.6,116.2,0.0476,42.7,54.5,20.9,20.8,30.1,39.7,33,36.7,41.7,55.1,30.3,35.5,27.2,34.1,71.2,-20.5
349,Central Arkansas,Slnd,29,2–27,89.6,116.6,0.046,48.8,55,25.6,18.3,28,36.7,39.3,42.5,46.5,54.4,35.3,37.6,36.5,28.8,69.9,-22.7
350,Florida A&M,MEAC,29,2–27,83.2,115.5,0.0224,41.3,53.5,21.8,18.5,26.8,35.5,37.8,34.9,40.9,54,28.3,35.1,28.1,37.7,66.4,-23
351,Grambling St.,SWAC,27,0–27,77.1,116.1,0.0089,39.4,52.2,26.1,16.9,28.9,36.4,39.6,38.7,38.4,54.3,28.3,32.1,26,34.6,65.5,-22.1