Rk,Team,Conf,G,Rec,AdjOE,AdjDE,Barthag,EFG%,EFGD%,TOR,TORD,ORB,DRB,FTR,FTRD,2P%,2P%D,3P%,3P%D,3PR,3PRD,Adj T.,WAB
1,Michigan,B10,34,31–3,127.3,90.3,0.9813,58.1,44.7,16.7,15.5,35.4,27.7,37.7,26.3,61,44.3,36,30.2,41.8,41.8,72.2,13.9
2,Duke,ACC,34,32–2,127,90.8,0.9794,56.8,46.2,15.7,18.1,38.1,24.8,37.8,23.7,60.1,46.6,35.1,30.4,44.4,45.7,66.8,13.6
3,Arizona,B12,34,32–2,126.3,91.1,0.9772,55.1,45,15.1,16.7,38.1,26.9,42.9,27.7,55.4,43.8,36,31.4,26.8,37.2,71,13.6
4,Florida,SEC,33,26–7,125,92,0.9713,53.5,46.3,16.5,15.4,43.2,24.8,39.1,34,57.9,45.2,30.8,32.4,37.1,33.7,71.4,8.5
5,Houston,B12,34,28–6,124.7,91.9,0.9708,52.1,46.6,13,21,35.9,30.9,26.9,39,51.9,45.5,34.9,32.1,40.8,40.9,64.3,8.9
6,Illinois,B10,32,24–8,131.2,97.8,0.9671,55.1,47.6,13.2,11.6,38.7,27,32.9,20.6,58.2,48,34.7,31.4,50.7,42.2,66.7,6.5
7,Iowa St.,B12,34,27–7,123.8,92.7,0.9651,56.5,49.5,15.1,22.4,35.3,28.1,34,27.9,55.5,50.5,38.7,32.1,38.8,42.8,67.9,7.3
8,Purdue,B10,35,27–8,132.2,99.4,0.9638,57.6,52.3,13.5,15.6,36.3,26.4,28.6,26,58.1,53.1,37.9,34.2,40.9,45,65.4,9.1
9,Connecticut,BE,34,29–5,122.5,93.8,0.9556,55.3,45.7,16.8,18,35.7,28.7,30,40.2,57.1,45.8,35.2,30.3,40.3,36.2,65.5,8.8
10,Vanderbilt,SEC,34,26–8,127,98.3,0.95,55.3,48.8,13.3,17.9,31.2,31.6,38.2,41,56.8,49.1,35.5,32.2,43.6,37.9,69.9,7.2
11,Gonzaga,WCC,33,30–3,120.7,93.5,0.9497,56.3,46.2,13.7,20.5,34.8,25.9,31.1,31,58.7,46.2,34,30.8,31,43.7,69.9,7.3
12,Michigan St.,B10,32,25–7,121.6,94.7,0.9462,53.6,48.6,17.1,14.8,38.5,22.6,36.2,30.9,53.4,48,35.9,32.9,36.4,46,66.9,7.4
13,Virginia,ACC,34,29–5,122.4,95.9,0.9427,54.6,45.3,16,15.6,37.9,29.2,33,33,55.2,44.7,35.9,30.9,46.5,37.5,66.5,7.7
14,Tennessee,SEC,33,22–11,121.2,95,0.9426,51.6,47.7,17.1,16.3,45.1,27.9,38.7,36.2,52.2,49.2,33.4,30.6,31.7,44.4,66.2,4
15,Texas Tech,B12,32,22–10,125.5,98.6,0.9417,56.2,49.4,15.9,14.7,33.3,30.1,27.1,31.6,53.6,50.6,39.3,31.5,48,35,67.4,5
16,Alabama,SEC,32,23–9,129.7,102.2,0.9391,55.4,49.2,13,12.6,31.8,32.8,37.2,32.7,57.3,48.6,35.8,33.5,53.7,35.1,74,6.5
17,St. John's,BE,34,28–6,119.9,94.5,0.9391,51,47.4,14.7,19.4,35.9,30.2,41.9,31.8,51.6,47.5,33.2,31.3,33.8,33.7,70.6,7.2
18,Louisville,ACC,33,23–10,124,97.8,0.939,56.4,48.8,16.4,16.7,32.9,26.9,33.5,33.4,59.7,48.6,35.7,32.7,52.8,39.1,70.7,3.9
19,Nebraska,B10,32,26–6,117.6,93.4,0.934,55.4,47.8,14.4,19.2,26.3,27.7,27.2,24.8,58.1,50.6,35.3,29.9,50.7,49.3,67.8,7.4
20,Kansas,B12,33,23–10,118,93.7,0.9338,51.6,45.2,15.5,14,29.5,30.1,32.6,27.7,51.1,44.7,35,30.7,35.7,42,68.6,6.2
21,Arkansas,SEC,34,26–8,127.2,101.2,0.9327,56.5,51.4,12.3,15.7,32.2,31.2,36.4,31.3,55.6,53.7,38.9,31.7,33.4,38.2,71.9,7.5
22,Wisconsin,B10,34,24–10,125.6,101.3,0.9224,54.5,51.3,12.8,14.4,29.4,28.2,31.9,30.5,54.8,52.3,36.1,33.3,52.6,40.2,69.7,5.3
23,Iowa,B10,33,21–12,121.8,98.9,0.9159,56.6,52.7,15.2,21,30.1,28,34.5,39.1,58.7,54,35.7,33.7,41.6,39.1,64,1.9
24,Ohio St.,B10,33,21–12,124.2,101.7,0.909,56.5,50.3,15.4,15.8,30.8,30,37.8,35.1,58.2,52.3,36,31.6,40.1,40.3,67.1,2.8
25,Saint Mary's,WCC,31,26–5,119,97.6,0.9074,52.9,46.7,16.4,15.2,37.6,23.8,35.8,25.7,50.2,46.6,38.6,31.2,36.1,36.8,66.2,4
26,North Carolina,ACC,32,24–8,120.9,99.2,0.9066,54.6,48.2,14,13.6,31.4,28.1,37.4,23.8,56.7,46.1,34.5,34.5,42.3,36.9,69,4.9
27,UCLA,B10,34,23–11,123.4,101.3,0.9061,53.9,50.4,13.4,18.1,31.1,32.4,33.1,34.7,52,52.7,38.2,31.8,35.9,44.7,65.6,3.6
28,Utah St.,MWC,33,27–6,122.6,101.4,0.8992,56.6,49.6,15.4,20.6,33.1,32.2,38.7,38.9,59.3,48.7,35.1,33.9,40.7,40.9,68.5,4
29,BYU,B12,34,23–11,124.4,103,0.8977,54.7,51.2,15.3,16.5,34.6,29.3,34.2,28.9,56.2,50,34.9,35.3,39.8,39.2,70.7,4.5
30,Indiana,B10,32,18–14,121.8,101,0.8966,56.1,49,15.1,15.1,26.9,29.3,35,37,60.3,48.6,34.7,33.1,50.5,36.8,67.2,-0.44
31,Clemson,ACC,34,24–10,116.1,96.4,0.8946,52.6,48.9,14.2,17.5,28.1,25.7,37.1,33.1,53.8,49,34.1,32.6,42.9,42.9,65.2,3.1
32,Santa Clara,WCC,33,25–8,123.8,102.9,0.8938,54.6,51.8,15.6,20.1,36.7,32.3,25.8,38.3,56.5,53.2,34.9,33,45,38.2,70.2,2.1
33,Kentucky,SEC,34,21–13,119.2,99.6,0.8879,53.1,48.8,15,15.8,33.8,30.1,37.5,37,54.4,49.6,34.1,31.6,39.2,39.5,69.3,3.2
34,Villanova,BE,32,24–8,119.6,100.3,0.8836,53.7,51.3,15.1,18.7,32.4,31.7,31.3,28.9,54.4,51.5,35.3,33.9,45.7,36.9,65.9,3.9
35,N.C. State,ACC,33,20–13,123.1,103.3,0.883,55.3,53,13.1,18.2,28.5,30.3,35.2,36.5,53.1,52.7,38.8,35.6,43.9,45.3,70.1,0.28
36,Georgia,SEC,32,22–10,123.5,103.6,0.8828,54.6,50.1,14.3,18.4,35.2,34.9,37,30.8,57.3,49.9,34.1,33.7,43.9,37.6,73,2.6
37,Miami FL,ACC,33,25–8,120.1,100.8,0.8827,55.6,51.7,16.2,18.4,37,26.3,37.5,29,57.2,50.8,34.7,35.4,31.7,40.9,68.9,3.8
38,Cincinnati,B12,33,18–15,110.5,93.3,0.8751,50.5,47.3,17,18.2,30.6,27.3,29.4,30,50.2,47.9,33.9,31,43.8,39.9,68.6,-2.1
39,Texas A&M,SEC,32,21–11,119.6,101,0.8746,54.2,50.8,14.6,18.3,32.3,32.5,37.4,35.6,54.1,53.1,36.2,31.7,46.3,41.5,72,1.5
40,Saint Louis,A10,32,27–5,119.8,101.3,0.873,59.7,44.8,17.4,16.1,31.1,27,34.7,37.2,58.9,44.6,40.5,30,45.1,41.6,72,1.8
41,Auburn,SEC,33,17–16,124.1,105.2,0.8706,52.3,53.6,14.7,16.3,37.6,32.1,44.7,35.4,53.4,52.8,33.8,36.5,39.2,39.8,68.3,0.13
42,SMU,ACC,33,20–13,122.6,104.3,0.8649,55.7,51.4,15.9,17.1,35.4,31.6,30.6,32,55.5,52,37.4,33.9,36,47.2,69.6,-0.1
43,Oklahoma,SEC,34,19–15,124,105.9,0.8595,55.1,51.2,14.4,15.3,33.6,33,35.9,34,55,51.1,36.8,34.2,43.8,39.7,67.1,-0.5
44,San Diego St.,MWC,32,21–11,112.1,96.1,0.8542,52.7,48.2,17.2,20.3,29.5,31.1,39,38.5,53.2,46.2,34.5,33.6,33.8,47.3,69.5,-0.07
45,Texas,SEC,31,17–14,123.5,106.1,0.852,54.2,51.2,15.3,13.4,35.7,26.9,46.2,40.7,55.3,49.8,34.9,36,36.2,33.3,68.1,-0.27
46,Missouri,SEC,32,20–12,119.4,103.1,0.844,55.3,51.4,18,16.6,35.5,31.4,42.5,35.1,56.9,48.9,35,36.5,36,43.1,67.3,1.1
47,Baylor,B12,31,15–16,123,106.6,0.8386,53.8,52.5,16.5,16.1,37.5,32.2,34.8,30.2,55.2,52.2,34.5,35.5,39.6,34.7,68.8,-2.2
48,TCU,B12,33,22–11,114,99,0.8352,50.9,51,15.5,19.7,34.4,29.2,38.7,30.4,51.6,51.3,33.1,33.7,36.9,38.1,68.5,2.3
49,VCU,A10,34,27–7,118.7,103.1,0.8344,54.1,48.9,15.2,17.2,32.3,29.9,43.7,33.1,53.3,48.4,36.7,33.1,43.8,34.7,69.6,1.6
50,South Florida,Amer,32,24–8,116.6,101.7,0.8288,50.9,48.4,15.2,18.8,38.2,31.8,41.1,38.8,51.9,46.7,33.1,33.9,43.8,39.5,72.3,-0.28
51,Washington,B10,33,16–17,116.2,101.5,0.8246,51.2,50.2,15.3,14.3,34.6,28.5,30.1,31,53.4,50,31.5,33.6,34.6,38.2,68,-3
52,New Mexico,MWC,32,22–10,115.7,101.2,0.8238,53.6,49.6,15.3,19.1,30.3,27.6,36.2,34.9,53.3,53.6,36.1,30.3,41.8,48.1,70.8,-0.39
53,Boise St.,MWC,30,19–11,116.8,102.6,0.8164,52.2,52.7,16.9,14.5,33.2,23.6,42.7,32.1,52.7,53.3,34.3,34.4,43.1,36.8,66.7,-1.1
54,Virginia Tech,ACC,32,19–13,116.7,102.6,0.8145,52.2,50.8,14.9,17.2,31.9,32.6,34,28.8,51.5,54.1,35.5,30.6,39.7,39.6,68.2,-0.9
55,UCF,B12,32,21–11,119.9,105.5,0.8139,52.8,52.4,15.7,15.8,34.4,28.5,30.8,35.2,52.1,53.2,36.2,34,34.4,39.7,70.1,2
56,Seton Hall,BE,33,21–12,108.7,95.7,0.8113,47.6,47.3,16.7,21.5,35.6,31.9,35.3,42.1,48.3,46.3,30.5,32.4,26.8,42.2,66.1,-0.33
57,Grand Canyon,MWC,32,20–12,110.2,97.1,0.81,51.7,47.4,17.6,17.3,31.3,25.3,39.5,39,54.2,47.2,31.8,31.9,38.9,38.2,69,-3.1
58,Minnesota,B10,32,15–17,114.7,101.3,0.8073,54.2,51.9,16.6,17.1,27.2,29.8,35.9,27.3,56,51.7,34.8,34.7,47.1,41.7,63.6,-4
59,Florida St.,ACC,33,18–15,117.7,104.1,0.8043,52.3,52.2,15.2,19,30.8,34.1,34.7,32.7,55.1,52.5,33.1,34.6,50.6,44.9,71.6,-1.8
60,West Virginia,B12,32,18–14,109,96.5,0.8032,51.1,48.3,17.5,18.1,31,29,35.5,29.2,52.5,45.7,32.8,35,42.9,38.1,63.4,-2
61,Stanford,ACC,32,20–12,116.2,103,0.8003,51.7,51.2,15.5,18.3,32.3,30.1,35.7,40.3,50.4,51.5,35.6,33.7,44.2,33.5,68,-0.9
62,Northwestern,B10,34,15–19,116.5,103.3,0.7992,51.7,51,13,17.5,28.1,34.7,33.9,34.8,52.9,51.6,33,33.4,34,40.2,66.1,-3.7
63,LSU,SEC,32,15–17,119.2,106,0.7938,52.8,50.9,15.6,13.9,33.1,31.7,40.9,37.8,54.5,49.5,33.1,35.4,34.5,37.9,67.6,-4.4
64,USC,B10,31,17–14,113.2,100.8,0.7916,50.4,49.7,17.4,16.3,32.4,32.2,44.2,33.4,51.8,52,31.7,30.9,34.1,40.4,71.7,-0.9
65,Tulsa,Amer,31,24–7,121,108,0.7875,56.5,49.9,15.2,15.5,32,29,40.9,32,54.3,49.6,39.4,33.5,46.5,40.1,68.7,-1
66,Arizona St.,B12,33,17–16,115.1,102.7,0.7872,51.1,52.4,17.1,18.5,29.8,34.9,39.5,34.3,51.7,52.3,33.4,35,38.4,40.3,70.2,-1
67,Wake Forest,ACC,33,17–16,116.7,104.3,0.7851,52.6,52,15.4,17.8,29.7,32.9,35.1,36.2,53.3,54.2,34.4,33,43.7,46.8,69.3,-2.9
68,Butler,BE,32,16–16,117,104.8,0.781,50.9,51.9,15.9,15.1,34.6,30,42.1,24.9,51.9,53.1,32.7,33.3,34.9,37.5,69.9,-4.2
69,Mississippi,SEC,35,15–20,113.3,101.5,0.7792,50.4,50.5,14,16.4,28.3,32.6,33,41.2,50.8,50.8,33.2,33.4,35.5,42.6,67,-4.5
70,California,ACC,31,20–11,113.4,101.7,0.7775,52.2,49.6,15,16.1,25.8,30.3,37.3,37.2,50.5,51.9,36.3,30.9,42.7,41.4,68.8,-0.7
71,Northern Iowa,MVC,34,22–12,108.6,97.6,0.7732,54.2,47.2,14.6,18.1,22,26.3,25.7,29.3,55.3,50,34.9,28.9,39.6,41.5,63.1,-5.2
72,Akron,MAC,32,27–5,117.8,106,0.7718,58.5,50.6,15.5,18.4,33.5,29.9,29.1,30.3,59.1,49,38.5,35.1,45.1,43.2,71.3,-0.32
73,Oklahoma St.,B12,33,19–14,118.1,106.3,0.7709,52.1,52.9,15.9,16,31.3,30.7,39.4,32.5,52.8,52.6,33.8,35.5,35.9,42.7,73.2,-0.9
74,Nevada,MWC,34,22–12,115.1,103.7,0.7697,49.7,51,14.9,17.4,32.1,27.2,46.6,40.3,47.5,51,36.2,34.1,32.3,42.4,67,-1.9
75,Syracuse,ACC,32,15–17,114.5,103.4,0.7642,52.6,50.3,16,17.4,29.2,33.6,35.1,32.6,54.5,49.8,32.9,34.1,37.2,35.9,68.3,-4.6
76,McNeese St.,Slnd,31,26–5,113.3,102.4,0.7623,51,48.9,14.3,24.6,35,35,38.3,42.1,52.9,49.1,31.6,32.5,35.1,46.8,67.1,0.7
77,Providence,BE,33,15–18,120.6,109,0.7612,55,51.4,16.7,13.1,31.7,30.8,36.7,32.7,55.3,50.4,36.4,35.3,40.5,38.5,72.3,-5.2
78,Belmont,MVC,31,25–6,119,107.7,0.7601,61,49.9,18.1,17.4,28.8,29.2,32.5,30.7,60.6,48.5,41,34.2,45.7,49.1,69.9,-0.6
79,Dayton,A10,34,23–11,110,99.6,0.7582,51.7,50.9,17.4,21.2,27,29.2,47.1,35.7,52.1,49.1,34.1,35.6,41.5,41,68,-1.5
80,Colorado,B12,32,17–15,118.1,107,0.7564,53.2,52.9,14.5,15.4,29,29.8,35.8,36.3,53.3,51.6,35.3,36.8,35.1,35.8,69.6,-2.7
81,George Washington,A10,32,17–15,117.4,106.7,0.7504,54.6,52.3,17.9,17.8,36.2,28.1,35.5,34.9,56.5,53.7,35,33.6,46.7,43.2,70.3,-7.8
82,Creighton,BE,32,15–17,115.1,104.6,0.7498,53.1,51.1,16.5,14,27.5,29.7,27.5,24.6,54.3,50.2,34.5,35.4,48.2,32,68.3,-4.1
83,Georgetown,BE,34,16–18,113.7,103.5,0.7465,49.6,49.9,15.8,16.2,32.5,31.5,37.3,33.9,50.7,50,31.8,33.3,35.2,41.2,67.2,-5
84,Marquette,BE,32,12–20,110.8,101.5,0.7321,50.5,50.6,16,19.3,29.7,34.7,32.8,32,52.7,51.5,31.7,32.7,42.2,39.5,70.2,-7.5
85,Wichita St.,Amer,32,21–11,111.4,102.3,0.7259,49.5,47.3,15,15.9,38.3,29.3,36.1,34.6,49,47.7,33.5,30.9,34.1,33.8,67.2,-3.8
86,Utah Valley,WAC,30,22–8,112,103.1,0.7229,55.1,49,20.2,21.2,34.8,31.4,38.2,39.3,57.1,47.5,33.9,34.8,32.7,32.9,69.6,-2.8
87,Colorado St.,MWC,32,20–12,118.7,109.2,0.7221,58,53.1,18.6,15.3,30,29,39.6,34.2,57.3,54.4,39.1,34.3,49,43.1,63.9,-2.9
88,Stephen F. Austin,Slnd,31,26–5,112.1,103.3,0.7201,51.7,47.9,14.1,17.6,33.9,28.6,30.4,30,50.2,49.2,36,30.4,39.6,35,66.7,-0.9
89,Oregon,B10,32,12–20,112.2,103.4,0.7187,49.5,50.9,17.6,15.7,32.3,32.3,35,32,50.5,51.5,32.1,33.4,42.8,42.1,66.9,-6.3
90,Miami OH,MAC,29,28–1,116.4,107.4,0.7163,59.2,50.8,14.5,17.5,25.3,28.1,40.2,30.9,61.5,51.6,37.5,33,44.6,36.8,70.9,2.4
91,Yale,Ivy,28,22–6,119.4,110.4,0.7106,56.1,52,14,16.4,33.8,29.2,35.2,27.1,54,51.7,39.9,34.9,36,45.3,65.6,-1.5
92,Notre Dame,ACC,31,13–18,114.3,105.8,0.7087,52.3,51.8,17,14,31.2,26.7,34.1,36.2,51.4,53.6,35.6,33.2,43.5,47.4,67,-5.7
93,High Point,BSth,31,27–4,116.2,107.7,0.7058,54.7,50.1,13,21.9,32.1,31.7,42.9,36.4,57.1,51.6,34.4,31.9,42.9,41.4,70.9,-1.5
94,Wyoming,MWC,31,17–14,114.6,106.5,0.6996,52,52.2,16.4,16.7,34.7,27.5,35.6,48.4,54.1,53.7,32.9,33,43,36.2,67,-5.3
95,South Carolina,SEC,32,13–19,111.7,104.1,0.6928,50.3,51.6,14.5,14.6,27.2,32.1,36.7,34,53.2,53.7,31.1,31.8,44.4,35.8,67.3,-6.2
96,Hofstra,CAA,32,22–10,113,105.3,0.6925,51.5,45.9,16.1,15,34.9,30.5,32.5,35.4,48.6,44.2,36.8,32.3,43.1,40.6,65.7,-4.7
97,Xavier,BE,33,15–18,115.8,107.9,0.6922,51.8,54.1,13.9,15.5,26.5,29.5,28.1,32.6,49.8,55.3,36.5,34.8,40.6,36.9,71.3,-5
98,Kansas St.,B12,32,12–20,113,105.3,0.6911,53.3,52.5,17.4,17.1,29.2,33.9,26.9,35.2,52.4,53.7,36.4,33.7,40.9,38.6,73.6,-6.7
99,Mississippi St.,SEC,32,13–19,112.3,104.9,0.6851,51.5,50.9,16.1,12.8,29.8,30.7,30.7,32.3,53.4,51,32.4,33.9,40.1,39.5,70.5,-5.7
100,Illinois St.,MVC,31,19–12,109.5,102.4,0.6834,53.6,50,16.8,16.4,28.6,25.3,31.8,33.1,54.6,49.9,34.8,33.4,42.4,34.5,67.8,-5.7
101,Pittsburgh,ACC,33,13–20,112.5,105.5,0.6766,51,53.4,17.3,16.2,33.9,28.1,30.4,30.9,51.7,53.7,33.4,35.2,42.6,41,64.6,-7.3
102,Seattle,WCC,31,18–13,102.8,96.4,0.6761,49.4,48.3,17,21.1,24.6,31.8,34.5,32.9,49.7,48.2,32.6,32.4,39,37.4,68.7,-5.4
103,DePaul,BE,32,16–16,106.5,100,0.6733,49.8,49.3,17.8,18.6,30,31.1,35.3,37.8,50.5,47.3,32.5,35.4,39,33.9,67.4,-5.2
104,Cal Baptist,WAC,33,25–8,107.2,100.8,0.6703,48.6,46.4,18.1,17.1,37.8,27.2,36.1,37.1,47.7,47.3,33.7,29.7,32.1,31.7,66.9,-2.4
105,Sam Houston St.,CUSA,30,19–11,113.6,106.9,0.6678,52.4,51,16.7,16.4,36,30,34.7,37.1,50.4,52.9,37.3,32.3,36,41.6,71,-5.3
106,Davidson,A10,31,18–13,110,103.6,0.6661,52.6,50.4,16.1,17.8,28.6,30.4,31.8,36.6,52.2,51.6,35.3,32.3,44,37.1,64.5,-5.9
107,Hawaii,BW,30,22–8,106.4,100.6,0.6566,52,46.4,18.9,16.9,31.4,25,42.4,36.1,55,46.6,31.6,30.7,39.7,32.4,70.5,-3.9
108,Pacific,WCC,31,16–15,110,104.1,0.654,52.2,50,20.1,15.1,35.3,25,30.5,36.3,51.3,48.5,35.8,34.7,35.3,42.8,65.4,-6.8
109,UC Irvine,BW,32,21–11,103.8,98.3,0.6527,49.7,45.4,17.9,18.5,31.1,31.5,35.8,26.8,49.2,42.7,33.9,33.3,28.2,37.8,69.1,-6
110,St. Thomas,Sum,30,21–9,113.4,107.4,0.651,59.4,50.9,13.8,17.1,22.3,27.1,34.4,30.4,63.6,53.5,36.4,31.4,46.5,41.2,69.4,-5
111,Saint Joseph's,A10,31,20–11,107.6,102,0.6488,49.3,47.6,16.9,15.2,31.4,30.9,30.4,26.3,51.9,47.5,30.8,31.8,45.3,39.9,68.9,-4.1
112,UNLV,MWC,32,16–16,114.4,108.5,0.6484,53.3,52.6,16.9,17.3,31,31.5,41.7,45.3,53.6,52.3,35.3,35.4,35.9,36.8,70.8,-6
113,George Mason,A10,31,22–9,111.1,105.3,0.6481,53.1,49.4,15.9,15.6,31.1,28.3,41.1,28.6,54.7,49.8,33.4,32.5,35.4,42.7,64.5,-3
114,Utah,B12,32,10–22,114.8,109,0.6447,52,53.9,16.7,13.3,29.3,31.6,31.7,29.9,51.5,54.6,35.3,35.1,37.5,33.8,67.3,-8.9
115,Maryland,B10,33,12–21,111.2,105.7,0.6424,48.1,54.4,18.6,14.9,33.8,29.1,36.4,35.8,48.6,54.4,31.7,36.3,46.9,43.1,67.2,-5.5
116,Liberty,CUSA,29,22–7,117.4,111.9,0.6345,59.8,53.1,13.7,17.2,19.1,32.6,31.3,26.2,60.8,50.5,39.2,38.3,48.6,37.1,64.9,-2.2
117,Illinois Chicago,MVC,32,17–15,109,104,0.6327,49.7,49.9,17.6,19.6,36.5,32.1,36.5,34.3,50.7,50.6,31.7,32.7,33,46.3,67.2,-8.5
118,North Dakota St.,Sum,31,24–7,111.1,106.1,0.6309,53.4,51.5,15.6,18.7,33.6,25.7,30.7,29.1,53.2,52.6,35.7,33.5,42.7,44.4,67.3,-3.4
119,Florida Atlantic,Amer,31,16–15,110.2,105.3,0.6274,52.2,49.5,17.6,15.5,31.6,28.3,33.3,36.2,53.6,48.8,33.3,33.8,38.2,35.2,70.8,-8.3
120,San Francisco,WCC,32,16–16,113,108.1,0.6258,51.2,50.8,15.8,14.1,31.3,29,40.1,29.6,50.7,50.6,34.6,34.1,46.1,35.8,66.9,-7
121,UC San Diego,BW,32,21–11,107.5,102.8,0.6249,52.6,48.4,16.5,16.8,26.1,27,31.2,29.3,55,49.3,32.8,31.5,42.3,43.9,68.2,-6
122,Memphis,Amer,32,13–19,107.6,103.2,0.6191,48.7,48.7,18.9,18.5,35.3,35.6,34.7,42.4,49.4,51,31.6,30.5,33.7,43.2,70.9,-9.7
123,Murray St.,MVC,32,20–12,115.4,111,0.6108,53.8,52.3,16.2,16,33,31.3,39.1,32.9,55,51.5,34.8,36.3,44.8,27.3,72.8,-5.3
124,Duquesne,A10,31,16–15,110.6,106.6,0.6045,52.3,52.5,17.6,18.3,30.4,29.6,38.3,39.9,54.5,51.3,33.1,36.2,44.4,40.3,69.8,-7.6
125,UT Rio Grande Valley,Slnd,31,17–14,109.9,106,0.6027,54.8,47.8,18.5,16.3,28.2,32.1,28.9,38.9,54.5,49.2,36.8,30.4,43.7,38.2,67.4,-8.2
126,Rutgers,B10,33,14–19,109.8,106.1,0.5987,47.5,53,15.1,17.1,29.8,33.1,36.1,31.4,46.6,52.5,32.8,35.8,34.6,39,67.7,-5.4
127,UNC Wilmington,CAA,30,24–6,110.1,106.5,0.5965,50.9,47.2,15,15,35.4,26.7,41.7,31.8,49.4,49.5,35.5,29.5,38.9,42.6,65.9,-2.8
128,Wright St.,Horz,32,21–11,111.9,108.2,0.5963,54.4,52.1,16.3,16.5,33.2,29.2,38,33.5,54.5,52.9,36.1,33.6,33.7,34.2,67.9,-6.6
129,Montana St.,BSky,29,15–14,110.5,106.8,0.596,53.6,51.7,14.7,15.7,27,28.2,30.2,29.6,53.1,51.8,36.1,34.3,44.7,34.3,66.9,-8.2
130,Washington St.,WCC,31,11–20,113.6,109.9,0.5956,54.7,52.6,18.4,14.6,29.5,28.2,30.2,33,54.6,52.4,36.5,35.4,44.8,36.7,68.8,-11.3
131,UAB,Amer,31,19–12,108.8,105.8,0.5822,48.4,50,12.5,16.1,32.5,27.7,36.4,28.7,51.3,50.7,27.8,32.6,30.5,39.2,70.3,-6.2
132,Fresno St.,MWC,31,12–19,106.1,103.2,0.5784,50.6,51.5,18.1,18.2,27.9,30.6,33.8,28.6,52.3,55.7,32.1,30.7,40.9,44,69.2,-10.3
133,Southern Illinois,MVC,31,15–16,102.8,100,0.577,49.2,49,17,18.5,30.9,27.3,31.3,31.4,52.2,51.5,27.8,30.4,29.2,41.5,70,-9.5
134,UC Santa Barbara,BW,30,16–14,113.4,110.5,0.575,54.7,52.6,18.7,16.8,31,25.5,36.8,42.4,53.6,53.5,37.4,33.9,44.1,35.7,65.3,-9.2
135,Bradley,MVC,32,20–12,110,107.2,0.5747,51,52.6,13.8,19.3,27.3,28.2,36.1,37.8,49.2,51.3,35.8,36.3,40.4,40,68.5,-5.9
136,Penn St.,B10,32,12–20,113.7,110.9,0.5722,53,58.4,15.6,17.7,25.9,31.1,33.8,27.5,55.8,58.6,32.4,38.8,38.1,43.4,68.5,-7.2
137,Toledo,MAC,32,17–15,113.6,111.2,0.5629,54.5,54.3,14.7,17.9,29.5,33.7,30.5,26.6,54,56.1,37,34.4,32.5,40,68.8,-9.1
138,Troy,SB,31,20–11,110.9,108.5,0.5623,51.9,50.1,17,16.9,34.8,31.6,36.3,32.1,53.7,52,33.2,31.3,45.6,38.4,66,-6.2
139,Idaho,BSky,32,18–14,108.7,106.4,0.561,51.9,50.3,15,15.2,28.9,24.2,34.8,39.2,52,49.3,34.5,34.8,46.8,35.8,68.4,-8.9
140,Northern Colorado,BSky,29,17–12,112,109.8,0.5582,55.7,50.1,15.4,12.4,27.2,24.2,27.5,38.8,58.1,52.3,35,30.7,41.5,35,69.4,-7.1
141,North Texas,Amer,31,17–14,102.4,100.6,0.5521,46,48.4,16.7,21.3,33.5,32.4,39.6,45.1,47.4,49.8,28.7,30.9,32.3,38.6,65.9,-7.4
142,Middle Tennessee,CUSA,29,14–15,109.6,107.7,0.5503,51.6,51,17.1,15,30.7,28.5,32.7,35.7,52.3,51,33.8,33.9,45.3,35.3,66.5,-8.8
143,Boston College,ACC,31,11–20,102.8,101.1,0.5477,47,48.9,15.4,14.9,28.3,28.6,32.4,34.6,49.1,49.6,29.4,31.9,42.4,39,66.9,-10.1
144,Temple,Amer,31,15–16,111.8,110.2,0.5434,50.2,50.7,13.7,15.5,29.8,30.3,40.6,35.5,50,51.5,33.6,32.8,35.7,35.9,65.9,-10.3
145,Arkansas St.,SB,30,18–12,109.8,108.3,0.5397,51.7,50.3,19.8,14.9,38.2,27,39.1,37,53.6,50.8,32.9,32.9,44.9,38.8,73.1,-7.3
146,Bowling Green,MAC,29,15–14,106,104.6,0.5387,51.8,51,16.5,18.4,28.7,26.9,37,37.2,51.9,51.6,34.4,33.5,34.2,41.2,69.2,-9.8
147,Rhode Island,A10,32,16–16,104.5,103.2,0.5371,50.1,50.4,19.2,21.1,31,31.8,38.4,42.6,52.8,49.3,31.1,34.7,43.5,41.5,66.8,-9.5
148,William & Mary,CAA,30,18–12,109.9,108.6,0.5357,54.3,51.9,16.5,19,26,31.5,44,35.5,57.9,53.7,33,33.1,42.8,45.5,73.6,-7.1
149,Loyola Marymount,WCC,31,14–17,105.7,104.5,0.5317,51.8,48.9,17.5,16.6,26.7,32,31.1,32.5,51.6,47.2,34.8,34.6,40.4,36.2,68.2,-10.2
150,Kennesaw St.,CUSA,31,18–13,110.2,109.1,0.5299,50.7,48.5,16.7,16.1,35.5,31.3,45.1,47.5,50.8,47,33.7,33.9,42.9,38.3,72.2,-7.9
151,Central Arkansas,ASun,32,20–12,108.5,107.4,0.5291,54,54.9,15.4,19,28.8,27.4,31.2,30.1,54.7,57.3,35.5,35.2,48.7,52.3,68.9,-6.6
152,Kent St.,MAC,31,22–9,110.5,109.6,0.5222,51.9,52.1,18.1,16.4,35.8,29.6,44.3,39.8,51,51.9,35.3,34.9,45,42.7,71.5,-4
153,St. Bonaventure,A10,33,16–17,112.8,111.9,0.5221,52.4,53.3,16.8,17.1,34.5,29.8,30,33.9,50.8,52.8,37.4,36,31.3,40.7,68.1,-10.1
154,Georgia Tech,ACC,31,11–20,106.3,105.5,0.5209,50,49.9,18.6,15.6,29.9,30.7,33.3,34.2,48.7,50.1,35.1,33.1,33.2,44.4,71.9,-9.7
155,Richmond,A10,31,14–17,110.4,109.7,0.5184,52.7,52,14.3,17.7,25,31,36.9,35.1,50.5,54.5,37.1,32.7,42.6,45.6,68.5,-11
156,Penn,Ivy,28,17–11,106.9,106.3,0.5155,50.3,51.7,15.4,17.8,30.3,30.5,35.2,27.5,46.2,54.4,38.7,31.7,35,39.3,70,-6.1
157,Austin Peay,ASun,29,20–9,107.5,107,0.5124,53,52.2,15.4,17.9,29.7,28.9,37.6,32.8,53,53.9,35.3,33.2,38,40.8,70.2,-5.3
158,Robert Morris,Horz,31,20–11,109.5,109.2,0.5094,54.9,50,18.6,15.9,37.5,28.8,28,40.1,53.5,50.2,38,33.2,40.7,36,65.5,-6.7
159,Montana,BSky,30,15–15,107.1,106.8,0.5086,55.8,50.5,19.6,14.3,20.7,29.6,36.8,32.6,56.5,51.9,36.6,32.3,41.8,38,70.5,-9.1
160,Portland St.,BSky,28,17–11,102.8,102.5,0.5075,50.6,48.8,16.9,18,30,26.4,37.1,42.8,51.5,49,32.6,32.3,34.4,39.7,68.7,-6.3
161,Valparaiso,MVC,32,17–15,106.7,106.4,0.5064,47.6,50.5,15.7,16.9,32.5,30.1,39.1,35.1,45.8,51.9,33.9,32.1,36.8,37,66.1,-8.2
162,Western Kentucky,CUSA,30,16–14,107.6,107.5,0.5031,47.5,51.2,14.5,17.2,31.8,29.5,41.2,46.8,45.8,51,33.4,34.3,39.4,42.3,70.9,-8.5
163,UC Davis,BW,31,17–14,107.2,107.2,0.4996,51.8,51.7,17.9,19.8,25.2,30.5,40.5,39.1,51.9,52.4,34.4,33.8,43.5,38.1,69.8,-8.5
164,Oregon St.,WCC,33,17–16,108.8,108.9,0.4983,50.5,50.3,17.7,15.3,26.8,32.1,43.1,35.1,48.8,51,35,32.9,44.3,41.5,66.2,-7.6
165,Navy,Pat,31,24–7,105.3,105.5,0.4949,53.2,48,16.8,18.3,31.6,26.9,39.6,25.6,52.9,50.4,36,30.1,33.1,45.8,66.1,-4.3
166,Cornell,Ivy,26,13–13,119.1,119.4,0.4931,58.5,55.9,16,15.1,30.2,30.6,30.2,37.2,59.7,55.7,38.3,37.5,51.6,38.3,72.4,-8.4
167,Oakland,Horz,31,15–16,114.2,114.5,0.4929,52.7,54.7,14.7,15.1,31.3,34.4,38.1,24.6,53,57,34.7,34.3,34,41.7,71,-8.4
168,Eastern Washington,BSky,32,13–19,112.2,112.5,0.4927,53.7,54.9,17.7,16.2,31.3,30.8,36.1,37.3,53.6,56.3,35.9,35.2,34.7,39,68.8,-12.2
169,Winthrop,BSth,31,20–11,110.8,111.2,0.4911,49.7,51.4,14.7,16.7,34.1,27.7,44,39,49.7,53,33.2,32.9,44.1,42.8,70.9,-5.7
170,Charlotte,Amer,33,16–17,112.6,113,0.4902,53.4,50.9,18.1,13.6,33.9,32.5,36.4,36.2,53.8,51.4,35.2,33.5,45.4,40.7,64.3,-10.2
171,FIU,CUSA,29,12–17,107.9,108.4,0.488,50.6,52.9,17.7,20.1,33.9,34.8,38.6,35.9,49.9,51.7,34.7,36.2,32.7,45.1,72.6,-11.4
172,Cal St. Northridge,BW,32,18–14,108.4,108.9,0.4878,51.3,51.6,17.5,16.4,31.9,26.6,34.2,34.3,52.6,51.7,32.4,34.4,33.6,48.6,74.4,-8.3
173,Massachusetts,MAC,32,16–16,108.8,109.4,0.4845,53.1,52.9,17.8,16.8,33.3,26.1,37,44.6,53.2,55.4,35.2,33,35.4,42.7,71.1,-11.5
174,New Mexico St.,CUSA,29,13–16,108.4,109.4,0.4728,48.5,48.7,15,14.7,32.5,30.3,34.9,44.2,48.5,48.8,32.4,32.4,38.7,41.3,67.6,-11.4
175,UT Arlington,WAC,30,16–14,100.9,101.9,0.4701,47.2,47.4,20.7,18,34.9,30.1,42.5,40.9,48.8,50.9,29.1,26.9,30.7,32.3,65.8,-8.2
176,Monmouth,CAA,33,18–15,105.6,106.7,0.4687,49.6,50.1,16.6,19.9,31.2,32.8,32.7,32.2,48.7,49.6,34.2,33.9,34.4,38.3,67.9,-10
177,Harvard,Ivy,28,16–12,105,106.2,0.4664,53.2,50.4,17.4,17.1,26.8,28.2,25.7,26.6,54,51.4,34.7,32.6,40.2,38.7,64.1,-7.6
178,Northern Kentucky,Horz,31,17–14,108.4,109.8,0.4651,53.2,54.2,16.3,18.6,32.2,31.6,35.9,37.2,55.5,53.8,33.6,36.6,44.9,38.1,71,-9.7
179,East Tennessee St.,SC,32,21–11,107.8,109.1,0.4646,55.3,51,15.2,18.5,28.3,27.9,35,36.4,57.2,52.6,34.7,32.9,37.8,47.7,67,-7.5
180,Texas A&M Corpus Chris,Slnd,29,14–15,103.1,104.6,0.4606,49.5,50.1,19.4,19,31.7,28.8,41.1,46.3,48.1,51.5,35,31.6,31.4,34.9,66.9,-9.1
181,Towson,CAA,32,17–15,103.3,104.7,0.4591,46.5,48.5,15.9,15.1,36,29.1,30.4,29.3,47.8,50,29.4,30.9,34.9,41.4,64.4,-9
182,Youngstown St.,Horz,29,12–17,106.2,107.7,0.4585,53.7,52.3,18.8,17.8,30.4,30.7,31.4,36,56.6,51.7,33.8,35.5,49.4,34.3,68.2,-12.7
183,Merrimack,MAAC,34,23–11,105.3,106.9,0.4568,49.1,46.7,14.8,20.4,24.8,39.9,38.2,37.1,49.1,47.3,32.7,30.3,46.1,32.6,64.5,-6.4
184,Columbia,Ivy,26,14–12,108.1,109.9,0.4537,53.5,51.2,19.3,15,36.1,27.2,28.6,33.5,53.2,50.3,35.9,35.2,37.5,36,67.8,-7.9
185,Fordham,A10,29,14–15,102.8,104.5,0.4534,48.6,49.9,17.2,17.2,34.1,26.8,26.4,30.3,51.9,49.8,28.9,33.4,38.3,42.4,65.2,-9.5
186,Portland,WCC,32,13–19,105.9,107.7,0.452,51.2,52.7,19.7,17,28.1,32.5,34.4,32.6,54.7,51.4,29.9,36.1,35.4,45.6,69.5,-10.5
187,Green Bay,Horz,31,16–15,112.2,114.2,0.4494,54.9,53.6,16,13.2,25.1,29.6,41.6,37.4,55,52.9,36.4,36.3,37.3,43.3,63.9,-9.8
188,Missouri St.,CUSA,31,13–18,108.8,110.7,0.4489,51.1,52,16.7,16.9,32,32.1,43.8,40.2,52.2,52.3,33,34.4,41.3,35.8,66.2,-12.9
189,Siena,MAAC,34,23–11,106.3,108.3,0.4474,50.6,48.6,16,17.1,31.9,29,34.2,27.2,52.8,48.2,30.4,32.8,31.9,39.3,65.6,-7.8
190,Utah Tech,WAC,31,16–15,110,112.1,0.4454,53.3,50.9,17.6,16.9,28.1,34.5,30.6,33,53.7,53.5,35,30.7,38.2,34.4,67.4,-8.3
191,Furman,SC,31,19–12,106.6,108.6,0.4454,54.8,50.1,17.8,13.7,31,27.5,32.1,28.9,59,50.9,33.3,32.6,46.3,41.9,66.8,-8.7
192,Appalachian St.,SB,30,17–13,104.7,106.9,0.4394,49.9,47.5,15.3,14,32,29,39.1,31.2,53.6,47,30.4,32.2,45.9,41.4,63.9,-9.2
193,Charleston,CAA,31,20–11,106.6,108.9,0.4392,50.5,49.2,15.7,14.7,29.9,32.3,41.2,26.1,53.4,49.5,30.6,32.6,38.1,43.7,68.7,-6.3
194,Marist,MAAC,30,18–12,99.2,101.4,0.4375,49.3,45.6,16.9,19.5,29.1,28.3,25.7,37.6,49.8,47.1,32.2,28.6,34.6,36.8,67.2,-9.3
195,Mercer,SC,29,16–13,110.7,113.2,0.4356,53.1,52.5,15,17,32.6,33.2,39.2,29.7,53,51.3,35.6,36.2,39.2,42.1,69.9,-8.5
196,South Alabama,SB,30,19–11,106.4,108.8,0.435,52.7,50,13.2,18.2,25.2,31.3,39.2,25.3,53.3,50.9,34.5,33,36.6,64.3,65.6,-7.5
197,Campbell,CAA,32,14–18,109.6,112.2,0.4338,50.1,53.9,17.6,17,33.5,32,43.5,37,51.2,54.2,32.3,35.5,36.9,29.9,70.8,-11
198,Weber St.,BSky,30,14–16,110.5,113.1,0.4334,51.7,54.5,15.7,16.3,31.8,27.7,39.2,36.4,51.6,57.1,34.5,33.5,32.8,38.8,69.5,-10.7
199,New Orleans,Slnd,33,15–18,108.7,111.3,0.4316,49.6,49,20.5,14.9,35.6,34.5,46.4,39.5,50.6,49.3,31.8,32.4,33.7,40.2,70.7,-10.6
200,Tulane,Amer,32,17–15,107.5,110.1,0.4309,49.4,50.7,15.4,17.1,22.8,35.8,43.5,38.1,50.5,50,32,34.5,45,40.5,67.8,-9.1
201,Cal St. Fullerton,BW,32,16–16,107.1,109.7,0.4305,51.4,54.3,15.2,19.5,24.6,28.3,37.8,35.3,51.4,57.1,34.2,34,43.1,46.4,73.8,-9.5
202,Queens,ASun,33,20–13,114.4,117.2,0.43,56.6,54,14.8,15,30.4,33,36.3,38.7,59,54.1,35.9,35.8,46.8,39.5,70.5,-7
203,Indiana St.,MVC,30,9–21,105.4,108.1,0.429,52.8,50.2,19.5,14.9,26.2,31.8,27.4,28.8,57.4,52,31.5,31.3,45.2,34.4,69.2,-14.6
204,Detroit Mercy,Horz,30,15–15,108.2,111,0.4279,49.5,52.2,16,14.4,33.3,30.8,32.6,37.6,48.1,53.8,35.1,33.3,30.7,42.6,69.8,-9.8
205,Jacksonville St.,CUSA,29,12–17,104.8,107.7,0.4223,49.7,49.6,17,16.2,29.8,28,43.1,38.7,47.4,49.3,35.7,33.3,38.1,42.9,66.1,-12.8
206,Louisiana Tech,CUSA,31,17–14,102.1,104.9,0.4219,47.4,48.7,18.3,17.8,36.4,31.6,33.1,36.3,49.7,46.7,28.5,33.9,33.4,46.8,64.9,-9.3
207,Drexel,CAA,32,16–16,102.6,105.5,0.4203,50.7,47.1,19,16.4,31.2,31,31.6,35.4,49,47.9,35.5,30.3,40,34.1,65.2,-11.9
208,Marshall,SB,31,18–13,111,114.2,0.4173,54.8,50.3,16.6,16.3,31.9,33.8,29.2,41.1,54.6,50.3,36.8,33.6,44.3,39.6,70.4,-8.6
209,Drake,MVC,32,12–20,109,112.5,0.4112,51.4,52.6,15,14.6,26.6,29.9,33.5,32,51.7,51.1,34,36.4,45.7,43.3,68,-13.5
210,Quinnipiac,MAAC,31,18–13,103.9,107.3,0.4095,48.2,48.9,15.9,17.4,34.1,32,33.8,30.6,46.7,47.1,34,34.9,33.7,35.4,71.1,-8.7
211,San Diego,WCC,31,10–21,108.1,111.6,0.4084,51.2,54.7,17.5,18.9,28.1,34.5,25.8,38.8,50.8,58.5,34.6,32.7,43.7,40.1,69.1,-13.4
212,UMBC,AE,30,22–8,106.6,110.1,0.4079,53.9,49.2,14.1,15.2,25.1,25.6,33.8,25.2,54,49.7,35.9,32.2,38.8,37.8,67,-5.1
213,Tarleton St.,WAC,28,10–18,104.1,107.5,0.4069,48.3,53.6,20,23.4,31.5,35.1,41.9,47.7,48.2,54.4,32.5,34.9,24.2,40.7,70.5,-12
214,Buffalo,MAC,30,15–15,111.5,115.3,0.4039,55.4,55.1,16.2,17.9,27.1,31.1,39.6,31.4,54.1,56.9,37.9,35.1,45.5,42,67.4,-10.5
215,San Jose St.,MWC,32,8–24,111.7,115.6,0.4028,49.7,57.1,15.1,17.4,29.3,36.5,33.4,35.3,47.6,59.1,35.3,36,38.3,39.3,66,-14
216,James Madison,SB,32,17–15,108.9,112.7,0.4021,53.1,49,17.3,12.8,30.6,29.5,35.9,40.8,53.2,48.9,35.4,32.7,42.5,38.2,66.9,-10.4
217,South Dakota St.,Sum,29,11–18,107.4,111.2,0.4018,52,51.8,16.1,14.5,30.3,25.1,29.7,34.5,52.7,52.4,34,34.1,38.8,47,68,-12.8
218,Rice,Amer,29,11–18,108.2,112.1,0.3993,48.5,51,17.9,15.7,35.3,34.6,33.9,40.4,46.2,51,34.3,34,44.1,35.5,66.6,-12.3
219,La Salle,A10,31,8–23,105.6,109.4,0.3979,45.4,55,18.2,17.1,33.7,32.4,37.5,31.5,45.6,55.1,30,36.5,31.5,42.2,66.7,-14.9
220,Howard,MEAC,29,19–10,102.3,106.3,0.3917,50.6,47.4,19.8,21.3,36.6,32,44.2,38.3,49.9,48.3,34.7,30.4,34.3,34,70,-6.9
221,Southern Miss,SB,33,17–16,104.5,108.7,0.388,49,51.4,18.4,17.8,32.5,28.8,43.2,43.6,51.3,51.1,28.9,34.5,28.7,39.4,70.1,-11
222,Cal Poly,BW,31,12–19,108.4,112.9,0.3846,51.5,53.8,19.9,16.2,30,29.6,34.9,34.1,53.7,55,33,34.7,52.6,40.8,75.1,-12.6
223,Lipscomb,ASun,30,17–13,105.1,109.8,0.3762,54.1,53.2,16,17.7,25.8,30.2,26,29,54.5,54.3,35.7,34.3,47.9,40.2,70.4,-7.8
224,Bethune Cookman,SWAC,31,16–15,104.1,108.9,0.3727,51,49.7,19.2,15.8,30.1,31.7,40.9,38.6,51.6,49.9,33,32.9,29.7,33.1,70,-8.5
225,Tennessee St.,OVC,29,20–9,106.6,111.6,0.3705,50.1,51.2,16.5,20,34.9,29.9,33.5,41.6,49.9,51.8,33.7,33.5,30.7,36,71.1,-5.7
226,Ohio,MAC,30,13–17,107.5,112.6,0.3693,50.9,53,15.5,16.1,28.4,32.8,36.9,38.2,54.5,51.9,30.1,36.8,38.1,33.6,69.8,-11.7
227,Stony Brook,CAA,30,15–15,104.7,109.8,0.366,50.2,50.7,16.8,17.1,28,32.4,28.4,35.4,48.5,48.8,34.8,35.7,45.8,39.8,67.1,-10.7
228,Georgia Southern,SB,35,19–16,109.6,115.2,0.3603,51.4,52.3,14.6,18.7,28.8,35.2,39.6,41.4,52.7,52.9,33.4,34.3,48.9,39.5,71.1,-12
229,Western Carolina,SC,29,13–16,108.1,113.9,0.3548,50.4,54.9,16.8,14.5,35.4,26.3,31.3,37.8,50.6,54.8,33.5,36.7,40.9,43.7,68.9,-10.8
230,Texas St.,SB,30,17–13,103.6,109.2,0.3535,50,52,18.6,18.5,33.9,28.4,34,39.1,50.5,51.1,32.2,35.7,24.6,37.5,67.1,-9.8
231,Eastern Michigan,MAC,30,9–21,101.7,107.3,0.3523,49.6,50.3,17.4,15.6,27.8,29.1,29.3,35.5,50,50.8,32.4,32.9,31.8,35.6,67.4,-14.8
232,Florida Gulf Coast,ASun,32,14–18,105.9,111.7,0.352,52,53.4,15.9,16.5,31.1,28.2,29.1,38.3,53.3,53.6,33.2,35.4,38.4,46.2,68.6,-13.4
233,LIU,NEC,34,24–10,103.9,109.7,0.3489,53.3,49.8,19,18.9,34.3,32.6,34.7,34.1,52.9,50.8,36.1,31.9,29,33.2,68.8,-5.8
234,Denver,Sum,29,12–17,114.9,121.5,0.3432,53.6,56,14.3,13,29.8,32.8,34.1,36.8,52.6,56.6,36.8,36.7,38.6,37,69,-11
235,Coastal Carolina,SB,31,18–13,101,106.9,0.3417,47.9,46.8,15.2,12.3,26.9,27.6,32.3,34.9,46.1,45.5,33.5,32.8,43.1,35.7,68,-8.9
236,Colgate,Pat,31,16–15,107.5,113.9,0.3393,53.3,52.2,14.6,15.3,26.6,29.3,29.7,33.8,53.2,52.2,35.6,34.8,35,41.7,67.8,-10.1
237,Old Dominion,SB,32,11–21,105.4,111.7,0.3383,50.7,50.8,15.4,14.5,26,30.3,34.7,42,48.8,52.4,36,32,36.2,36.4,69.9,-15.5
238,American,Pat,30,14–16,105.2,111.5,0.3379,51.5,54.4,15.6,19.2,26.9,29.4,28.7,42.1,53.3,55.1,33,35.5,46.5,37,67.7,-11.7
239,Iona,MAAC,32,18–14,103.7,110,0.3374,51.9,48.9,17.2,16.6,27.8,31.2,29.3,28.8,51.2,51,35.1,30.6,45.9,40.7,70.1,-10.5
240,Elon,CAA,30,12–18,109.4,116.1,0.3369,52.2,54,15.9,16.4,32.2,33.5,33.5,34.6,52.8,53.3,34.3,36.5,43.2,44.5,67.8,-13.3
241,Idaho St.,BSky,30,10–20,109.2,116.1,0.332,51.8,54.5,17,14.7,32.8,27.9,37.9,38,52.9,56.1,33.6,34.5,41.9,37,66.2,-14.2
242,Long Beach St.,BW,30,8–22,104.3,110.9,0.3302,50.6,53.7,18,17.5,26.2,27.8,30.7,42.3,51.5,54.8,32.7,34.4,34.8,35.3,69.4,-15.8
243,Lamar,Slnd,29,10–19,102.7,109.3,0.3273,47.8,50.9,18.1,17.3,35.7,29.4,27.9,44.4,47,49.7,32.9,35.3,33.9,37.5,66.3,-14.1
244,Southern,SWAC,31,14–17,105.8,112.7,0.3255,49.1,53.2,16.5,18.6,31.4,31.3,39.8,42.9,47.7,52.1,34.8,36.7,32.1,37.5,70.8,-11
245,Nicholls St.,Slnd,32,13–19,104.9,111.7,0.3254,50.6,54.4,17.4,20.5,28.1,33.7,34.5,37.9,51.2,56,33.3,34.6,43.9,38.7,69.2,-12.8
246,Charleston Southern,BSth,29,12–17,104.6,111.5,0.3251,54.1,46.9,18.5,12.8,29.4,30.3,30.5,43.3,54.6,46.6,35.6,31.9,49.5,31.3,72.5,-13.4
247,Saint Peter's,MAAC,28,16–12,102.6,109.4,0.3229,46.4,48.1,17.7,20,37,34.7,35.5,46.4,46.2,48,31,32.1,38.7,35.5,66.4,-8.5
248,Nebraska Omaha,Sum,29,12–17,105.8,112.9,0.3206,52.2,52.7,16.1,14.1,25.5,28.7,34.5,33.6,53,55.6,34,32.9,40.9,45.5,68.1,-12.4
249,Samford,SC,30,16–14,106.8,114.1,0.3193,53.1,51.9,13.4,13,25.3,25.7,41.9,32.9,52.8,50.3,35.6,36.5,45.7,35.9,68.3,-9.8
250,Princeton,Ivy,28,8–20,104.2,111.5,0.3147,49.6,52,17.1,14.3,27.2,28.5,34.6,34,48.6,55.7,33.9,31.1,44.5,41.4,64.8,-15
251,UNC Asheville,BSth,29,12–17,103.5,110.8,0.3141,51,51.3,17.4,15.5,29.8,31.3,40,38.7,50.1,52.8,35.1,32.6,33.6,38.4,65.8,-12.7
252,Abilene Christian,WAC,30,11–19,99.9,107,0.3132,47.5,56.5,20.8,23.4,31,29.1,41.7,53.5,48,54.4,31,40.9,32.8,30,68.4,-12.8
253,Vermont,AE,32,20–12,105.2,112.7,0.3116,53.1,50.4,14.3,14.8,26.2,23,31.1,36.4,55.7,48.6,33.3,35.3,44.6,41.2,65.7,-9.5
254,Tennessee Martin,OVC,30,19–11,98.6,105.7,0.3092,48.7,46.1,21.4,20,37,32,37.4,35.8,51.5,46.7,30.3,30.2,47.1,39.5,65.3,-8
255,Radford,BSth,29,13–16,105.8,113.5,0.3082,51.3,53,17.1,18.5,29.8,32.2,42.4,40,52.3,52.9,33.5,35.5,45.4,37.9,71.6,-11.9
256,Southeast Missouri St.,OVC,30,17–13,101,108.4,0.3075,49.8,48.8,16.9,18.1,29.6,28.2,38.8,48,51.8,48.4,30.9,33.1,36,33.2,69.9,-9.3
257,Pepperdine,WCC,30,7–23,104.1,111.9,0.3057,47.6,54.2,18.3,16.5,29.1,34,33.8,28.5,48,54.9,31.4,35.5,39.2,40.3,69.3,-15.1
258,UC Riverside,BW,30,8–22,103.3,110.9,0.3054,48.9,52.7,19,15.5,27.8,30,35,40.9,49.9,53.8,31.6,33.5,38.3,31.7,69.4,-15.4
259,Fairfield,MAAC,33,20–13,105.4,113.5,0.2971,48.8,51,15.3,16.8,35.8,29.1,27.7,30.4,48.2,50.8,33.2,34.3,35.4,35.9,68,-10
260,Purdue Fort Wayne,Horz,29,14–15,104.8,113,0.2969,52.6,56.1,14.5,19.1,22.9,34.5,30.6,28.5,53.7,55.5,34.2,37.9,45.3,44.1,68.7,-9.4
261,Wofford,SC,30,17–13,107.6,116.1,0.2958,52.5,53.8,13.4,14.9,29.8,29,36.2,36.8,52.5,53.4,35,36.4,43.1,38,68.8,-9.5
262,Incarnate Word,Slnd,28,9–19,108.2,116.7,0.2952,50.2,54.5,17.2,15.7,32.1,32,34,41.6,47.7,56,36.1,34.4,39.1,35.4,66.4,-13.8
263,Central Michigan,MAC,29,8–21,105.6,113.9,0.2945,51.8,54,18.1,17,29.2,34.3,31.4,39,52.2,54.4,33.9,35.5,34,38.4,68,-15.5
264,Boston University,Pat,33,16–17,110.9,119.8,0.2917,57.5,53.6,17.8,13,28,28,31.4,30.5,56.9,52.8,38.8,36.6,43.8,40.6,64.1,-13.8
265,Milwaukee,Horz,31,11–20,106.1,114.6,0.2903,49.9,55.5,15.2,15.8,33,29.2,32.1,35.9,50.8,56,32.3,36.5,38.1,40.2,68.6,-13.6
266,SIU Edwardsville,OVC,29,16–13,98.4,106.4,0.2894,49.5,45.6,17.9,17,30.1,31.6,30.6,34.3,47.8,45.8,35,30.2,36.2,38.4,65.4,-10.6
267,Dartmouth,Ivy,25,9–16,104.4,113,0.2886,51.8,52.7,17.6,13.8,23.7,29.7,38,30.7,49.4,53.2,36.1,34.6,48.7,39.2,70.5,-11.7
268,Lindenwood,OVC,30,15–15,100.1,108.4,0.2849,48,49.1,18.7,18.4,33.2,31.8,38.6,37.4,49.6,49.4,29.4,32.4,30.7,32.9,73.4,-11.2
269,Sacramento St.,BSky,28,7–21,104.9,113.6,0.2846,47,55,14.1,17.1,25.2,33.4,41.2,36.2,46.6,56.8,31.9,35.2,35.6,43.7,72.6,-14.8
270,East Carolina,Amer,30,10–20,102,110.7,0.2807,46.4,52.3,17.1,16.2,33.4,32.5,39.2,32.2,47.5,52.2,29.3,34.9,31.1,38.8,69.6,-13.9
271,UTEP,CUSA,28,8–20,100.9,109.6,0.2792,48.3,51.5,17.4,18,26.2,32.8,33.4,42,46.5,51.9,33.9,34,40.3,37.5,66.2,-14.8
272,Southern Utah,WAC,29,7–22,104.9,114.1,0.2755,50.7,53.2,20.3,14.8,28.8,33.6,33.1,29.8,51.4,51.7,33,38,35.5,29.5,71.3,-15.7
273,North Dakota,Sum,32,15–17,105.7,115.2,0.2696,49.4,56.5,14.1,19.4,27.4,32.4,37.8,43.8,49.7,57.2,32.7,37.1,40.6,42.9,68.3,-11.4
274,Delaware,CUSA,30,10–20,104.6,114.1,0.2692,53.3,51.5,18.2,14,20.8,31.1,30.6,30.2,51.7,50.6,36.8,35.1,46.2,43.4,64.1,-15
275,South Dakota,Sum,29,13–16,104.8,114.4,0.2684,49.9,54.5,16.6,15.9,28.7,30.3,45.2,31,50.7,55.7,32.3,34.5,35.9,30,70.9,-11.6
276,Longwood,BSth,29,13–16,102.6,112.1,0.2644,49.7,53.8,19.1,19.8,34.6,27.7,41.3,42.1,51.1,56.1,31.4,33.8,34.8,42.6,69.5,-12.8
277,Western Michigan,MAC,29,9–20,106.9,116.9,0.2626,49.9,54.4,16.9,13.4,30.5,29.1,32.8,37.5,48.1,54.5,35.3,36.1,36.1,43.7,68.8,-14.5
278,Loyola Chicago,A10,33,9–24,103.2,113.2,0.257,49.8,52,19.8,12.9,30.5,29.7,34.8,33.6,51.9,49.5,31.7,36.8,47.7,44.3,66.7,-16.1
279,Mount St. Mary's,MAAC,31,14–17,98.7,108.2,0.2569,50.6,47.2,22.4,15.3,32.3,29.1,33.3,37.3,51.8,46.2,32.7,32.3,42.6,44.9,68.8,-12.5
280,Northeastern,CAA,31,7–24,106.8,117.5,0.2505,52.4,56.4,16.4,16.8,27.3,30.2,29.4,41.9,53.6,57.8,33.7,35.8,37.8,35.2,70.7,-19.3
281,Presbyterian,BSth,30,12–18,101.8,112,0.2505,51,51.2,19.3,15.7,33.1,30.6,39.3,37.1,52.3,50.6,31.6,34.7,28,36.3,65.2,-13.8
282,Arkansas Pine Bluff,SWAC,30,11–19,104.6,115.1,0.249,50,52.6,18.7,16.5,27.9,34.2,38.4,43.6,49.8,54.4,33.6,33.2,37.2,37.3,70.2,-12.9
283,Grambling St.,SWAC,31,12–19,97.4,107.2,0.2486,48.8,50,21.2,20.8,30.3,32.5,41.1,40,48.9,50.5,32.3,32.7,38.1,35.2,68.5,-14.9
284,Prairie View A&M,SWAC,31,14–17,101.4,111.7,0.2464,47.9,50.4,16,19.1,27.1,34.8,42.8,43.9,47,49.4,33.2,35,30.9,32.7,71.8,-12.6
285,Ball St.,MAC,29,10–19,98.7,108.8,0.2458,47,52.7,16.2,18.7,27.1,31,31.6,32.1,47,53,31.4,34.8,39.4,41.2,64.6,-14.7
286,Mercyhurst,NEC,32,15–17,100.5,110.9,0.2442,49.5,50.1,14.3,18.7,26.4,29.9,25.6,42.6,50,51,32.1,32.3,31.1,33.6,65.5,-13.3
287,Southeastern Louisiana,Slnd,30,8–22,99,109.3,0.2421,46.7,52.4,18.4,19.1,28.6,31.4,40.3,41.2,49.4,51.4,28.4,36,39.5,37.9,66.4,-16.6
288,Brown,Ivy,25,7–18,97,107.3,0.2395,48.6,51.3,19.5,18.7,29,30,28.1,37.6,50.4,52.2,30.3,33.5,36.3,43,67.6,-14.6
289,Louisiana,SB,33,11–22,100.2,110.9,0.2369,47.1,52.6,16.8,18.3,28.3,32.3,28.7,45.8,44.8,52.2,33.6,35.6,40.5,36.2,64.2,-17
290,UNC Greensboro,SC,32,13–19,107,118.6,0.2358,52,56.2,15,13.7,28.1,29,42,30.6,51,55.6,35.6,38,40.2,46.6,68.6,-15.2
291,Jacksonville,ASun,30,10–20,102.6,113.6,0.2349,50,54.8,17.2,15,31.7,29.1,32.8,42.7,51.5,55,31.7,36.3,37.4,35.2,64.5,-14.9
292,Lehigh,Pat,32,16–16,101.6,112.7,0.2345,53.3,50.6,17.5,16.3,22.8,31.7,32.2,32.8,52.4,51.2,36.5,32.8,38.2,32.2,67.8,-12.1
293,East Texas A&M,Slnd,30,9–21,99.9,110.9,0.2323,49.2,52.9,19.2,17,25.7,32.8,32,34.5,51.2,51,31.3,37.3,46.2,38,69.3,-15
294,Florida A&M,SWAC,29,13–16,98.5,109.3,0.2311,49.2,51.2,21.5,19.1,30.9,30.9,37.4,39.6,49.4,50.6,32.6,34.9,37.7,34.4,68.9,-11.8
295,Morehead St.,OVC,30,17–13,105.4,117.1,0.2306,49.2,50.2,18,15.4,35.8,35.8,37.7,35.6,49.7,49.1,32,34.5,30.5,39,66.3,-9.1
296,West Georgia,ASun,30,13–17,101.8,113.1,0.2295,49.6,53.4,15.9,14.7,31.5,29,29.2,36.9,49.6,55.7,33.1,33.1,33,37.4,70,-12.5
297,Evansville,MVC,30,5–25,101.3,112.6,0.2287,49.3,55.1,19.1,15.4,22,30.2,29.8,31.4,49.9,54,32.2,37.6,43.1,43.2,67.9,-17.6
298,Eastern Kentucky,ASun,30,9–21,107.9,120,0.2286,52.1,56.1,16.9,14.8,32.5,31.7,30.7,38.5,51.6,57.4,35,36.2,50.8,41.6,68.2,-16.6
299,IU Indy,Horz,30,5–25,105.7,117.7,0.226,52.2,58.2,15.9,19.2,28.7,35.6,21.7,46.6,54.8,58.4,32.4,38.5,42.1,35.7,74.6,-20.1
300,USC Upstate,BSth,29,10–19,99.3,110.5,0.2258,48.3,51,18.2,16.4,29.2,31.4,32.8,36,48.9,49.5,31.4,35.6,35.6,36.1,68.5,-14.3
301,Sacred Heart,MAAC,32,13–19,106.1,118.2,0.2236,52,53.5,17.7,14.5,28.6,30.9,31,27,50.4,54.4,35.7,34.8,50.7,43.5,69.4,-15.3
302,Hampton,CAA,30,11–19,100.5,112,0.2221,45.7,52,17,17.2,32.9,30,39.2,46.5,47.1,54,28.8,32.1,37.1,33.6,66.4,-14.7
303,Bellarmine,ASun,30,11–19,113.7,126.8,0.2217,59.4,59.4,15.5,15,22.4,34.2,35,34.3,61,58.1,38.1,40.4,41.2,50.5,65.6,-14.4
304,Oral Roberts,Sum,30,7–23,101.7,113.6,0.2201,49.7,53.6,18.5,14.7,28.4,31.8,34.8,39.1,51.1,52.2,32,37.4,45.6,36.6,68.7,-17.6
305,Alabama St.,SWAC,31,9–22,100.4,112.1,0.2189,47.1,52.2,18.3,18.7,31.9,31.5,34.9,42.3,46.8,52.8,31.8,34.2,38.5,40.4,70.2,-16.6
306,Le Moyne,NEC,31,14–17,101.4,113.5,0.2146,52.7,49.3,19.1,15,25.2,29.1,39.5,32.7,53.5,46.1,34.3,36,40.8,39.7,70.4,-13.8
307,Houston Christian,Slnd,30,10–20,102.1,114.3,0.2138,49.7,54.2,18.9,17.6,29.9,32.5,36,30.7,50.9,55.3,31.7,35,36.5,37.4,65.1,-15
308,Alabama A&M,SWAC,30,15–15,103.4,115.9,0.2125,49.2,52.1,16.5,16.6,27.5,29.5,45.4,38.6,47.5,51.5,35,35.4,34,36.5,66.2,-11.6
309,Chattanooga,SC,29,10–19,104.7,117.4,0.2108,54.2,51.7,14.4,13.2,21.8,31.7,29.7,42.6,55.8,52.1,35,34.2,49.2,44.2,68,-15.4
310,North Carolina A&T,CAA,28,9–19,103.7,116.4,0.2095,50.7,52.9,18.6,14.1,31.7,28.6,42.3,37.5,52.3,51.7,31.6,36.6,32.7,38.1,69.5,-15.2
311,Northwestern St.,Slnd,30,8–22,101.3,113.7,0.2086,48.6,53,18.3,16.9,26.1,32.6,40.1,36.3,48,52.9,33.2,35.5,33.9,37.9,65.7,-16.3
312,Central Connecticut,NEC,28,16–12,104.2,117.1,0.2078,51.6,50.2,16.2,14,27.5,30.4,31.2,26.9,50.5,50.3,35.8,33.4,34.9,39.3,65.8,-9.5
313,Texas Southern,SWAC,28,10–18,101.6,114.4,0.2042,49.7,52.5,18.5,16.5,28.8,31.2,38.2,44,49.8,53.5,33.1,34.1,32.5,43.2,69.6,-13
314,Georgia St.,SB,30,8–22,98.7,111.1,0.204,44.2,50.6,15.9,16.4,27.7,33.6,37.2,34.9,42.9,51.2,30.6,33.1,42.4,39,68.9,-17.7
315,Wagner,NEC,28,11–17,102.4,115.4,0.2019,49.6,50.4,18.5,14.9,32.8,29.6,32.3,40.8,46.6,49.9,36.6,34.3,36.1,35.8,66.4,-13.5
316,Stetson,ASun,31,10–21,103.9,117.1,0.2014,53.1,55.2,18.1,15.1,26.6,31.8,32.4,30.4,52.5,57.6,36,34.6,44.7,41.1,67.7,-15.9
317,Northern Arizona,BSky,29,7–22,104.7,118.1,0.2013,51.7,56.9,16,16.6,23.3,33.4,31.8,32.7,50.7,56.1,35.6,38.7,36.7,40,64.7,-16.8
318,Cleveland St.,Horz,30,8–22,109.1,123.2,0.1987,54.2,57.2,17.8,15.1,27,36.6,37.9,35.5,52,59.5,37.5,36.2,50.8,44,70.6,-17
319,UMass Lowell,AE,30,12–18,102.2,116.4,0.1816,49.8,53.5,18,14.2,32.7,29.4,34.9,28.3,50.5,54.4,32.2,34.6,31.3,35,70.3,-13.7
320,Albany,AE,29,8–21,103,117.6,0.1784,51.3,53.2,18.5,15.8,32.7,32.4,24.9,35.7,52.8,52.7,32.6,36,37.6,40.6,66.2,-17.4
321,Cal St. Bakersfield,BW,30,6–24,101.5,116.4,0.1722,45.7,54,18.9,17.9,30.4,35.6,42.2,42.6,46.6,53.9,29,36,28.9,39,71,-18.2
322,Lafayette,Pat,31,10–21,100.6,115.3,0.1716,49.3,53.6,15.3,15.1,25.8,28.6,32.4,30.6,50,53.4,32.2,36,39.8,38,67.8,-17.2
323,Bucknell,Pat,33,10–23,98.3,113.2,0.1642,48.5,54.7,19,17.9,27,31.3,29.8,35.3,50.4,54.1,30.6,37,42.7,45.7,68,-18.3
324,Tennessee Tech,OVC,28,10–18,101.1,116.7,0.161,48.9,51.5,19.1,15.1,31.3,30.7,35.5,31.3,50.1,50.3,31.1,35.8,36.5,36.1,68,-14.6
325,North Florida,ASun,30,5–25,107.1,123.8,0.1591,52.9,56.3,17.9,12.7,25.2,37.6,28.8,31.4,53.4,58.7,35,35.1,51.7,39,71.5,-19
326,Little Rock,OVC,30,10–20,100.7,116.5,0.1571,49.4,51.8,18.4,18.5,31.5,36.6,27.7,33.1,47.9,51.9,35.3,34.4,31,40.3,67.4,-16.4
327,NJIT,AE,32,15–17,96.6,111.8,0.1563,46.7,50,17.1,16.2,26.2,32.1,33.2,37.9,47.5,51.1,30.4,32.3,40.1,40.7,69,-12.5
328,Eastern Illinois,OVC,30,10–20,96.3,111.7,0.1536,45.7,50.8,18.6,19.3,28.2,35.2,33.5,35.3,44.9,53.1,31.7,31.7,29.9,41.2,66.6,-15.2
329,Norfolk St.,MEAC,28,11–17,100.2,116.6,0.1491,49.3,51.7,18.7,18.8,32.5,32.3,43.5,45.3,48.4,54.4,34.2,32,30.6,41.6,69.1,-13.4
330,Loyola MD,Pat,30,10–20,103,120.1,0.1464,50.4,54.7,15.5,15.3,27.6,29,29.9,32.7,51.9,58.3,32.6,32.8,47.2,39.6,69.2,-16.9
331,New Haven,NEC,28,11–17,95.2,111.4,0.1412,48.7,51.8,17.8,17.1,21.5,26.8,31.7,27.7,51,52.1,30.2,34.3,39.8,38.4,64.3,-13.2
332,Jackson St.,SWAC,33,12–21,100.2,117.4,0.1387,45.7,53,19.4,16.5,29.7,37.2,37.4,41.9,44.6,53.5,31.4,34.8,43.3,39.7,70.5,-14
333,Manhattan,MAAC,31,11–20,103.5,121.3,0.1383,47.9,53.9,15.6,16.7,28.6,37,34,25.7,47.8,53.3,32,36.6,37.1,38,68.9,-16.4
334,Holy Cross,Pat,31,9–22,100.1,117.4,0.1376,49.8,54.8,15.3,14.1,21.9,27,31.5,27.6,50.4,57.2,32.5,34,37.3,39,66.4,-18.3
335,North Alabama,ASun,28,7–21,99.7,117.4,0.1323,48,55.2,17.5,14.5,31.2,32.2,37.6,30.3,49.1,56.5,30.7,35.7,33.7,43.3,65.8,-17.1
336,Northern Illinois,MAC,28,7–21,96.3,113.6,0.1298,47.6,55.6,21.8,16.3,30.3,30,38.3,38.3,48.5,56.3,30.9,36.3,45,37.7,68.4,-15.5
337,Air Force,MWC,32,3–29,95.6,112.9,0.1294,48.9,56.4,21.9,15.1,21.4,31.3,35.1,36.6,51.1,56.3,30.6,37.6,41.8,38.8,67.3,-20.2
338,UTSA,Amer,28,3–25,99.2,117.2,0.1289,44.8,53.3,17.5,14.7,30.2,38.7,29.5,33.3,45.5,53.8,29.2,35.1,41.3,43.3,69.5,-18.7
339,Alcorn St.,SWAC,32,9–23,97.4,115.1,0.1282,47.7,55,19.6,18.1,26.9,35.5,31.8,39.4,46.5,58,33.3,33,33.7,35.1,68.9,-16.4
340,Army,Pat,30,9–21,100,118.2,0.1268,49.3,55.1,17.2,15.4,29.6,27.7,26.8,39.6,50.7,56.4,32,35.6,53.3,41.7,68.1,-17.5
341,Niagara,MAAC,29,7–22,99,117.2,0.125,50.5,52.8,18.9,16.6,24.8,32.9,26.6,33.8,50.5,52.7,33.7,35.3,40.5,40.4,63.2,-18.3
342,Fairleigh Dickinson,NEC,29,8–21,100.3,118.8,0.125,47.1,55.2,18.1,16.1,32,27.3,32.8,36.3,48.6,54.1,30.3,37.8,45.2,40.5,65,-16.8
343,Stonehill,NEC,31,10–21,91.6,108.7,0.123,46.9,47.8,19.4,13.4,27.5,27.1,27.3,30.3,46.5,46.7,31.7,33.4,40.5,32.4,67.3,-17.6
344,Southern Indiana,OVC,28,5–23,95.2,113.6,0.1154,43.7,49.4,17.2,16.4,31.4,33.8,37.2,36.2,43,48.7,29.9,34.1,39.7,27.1,68.7,-20.4
345,Canisius,MAAC,30,9–21,95.2,113.7,0.1145,46.3,52.2,19.6,16,29.3,29.8,31.4,35.2,44,54.3,33.3,33,39.5,44,65,-17.7
346,Chicago St.,NEC,31,6–25,99.3,118.6,0.1145,45.3,56.7,15.6,20.1,28.3,35,30,38,44,60,32.1,35.6,30.9,50.8,66.6,-19.3
347,New Hampshire,AE,28,7–21,95.7,114.8,0.1101,46.7,53.4,16.5,15.8,25.7,26.9,28.5,35.8,47.4,54.6,30.5,34.3,43.1,36.9,68.3,-16.5
348,Louisiana Monroe,SB,30,2–28,100.3,121.5,0.0993,47.8,57.1,16.9,15.7,25.1,35.4,38.8,27.7,47.4,58.4,32.2,36.9,41.9,42.3,71.2,-23.2
349,The Citadel,SC,30,8–22,99.5,120.8,0.097,49.5,57.5,16.3,14.7,27.9,31.5,30,33.3,51,59.6,32,36.6,47.8,44.1,65.1,-18.5
350,Maine,AE,31,7–24,91.5,111.4,0.0942,49.6,50.6,19.1,19.4,19.7,34.3,38.4,33.9,51.2,54.5,31.2,29.3,37,36.8,65.7,-20.7
351,Saint Francis,NEC,29,5–24,99.5,121.4,0.0918,48.9,58.9,18.4,18.4,27.5,33.1,30.8,38.3,47.5,60.1,34.2,38.1,37.8,40.9,71,-19.4
352,North Carolina Central,MEAC,28,10–18,99.4,121.8,0.0887,47.5,54.5,18.1,19.9,30,39.4,39.3,36.9,46.7,54.5,32.6,36.4,33.9,40.6,66.7,-13.1
353,Maryland Eastern Shore,MEAC,30,7–23,93.3,115.1,0.0823,47.8,50.7,23.8,17.9,32.4,33.6,29.5,43,49.9,51.1,29,33.5,33.5,39.7,64.2,-17.7
354,South Carolina St.,MEAC,30,8–22,95.2,117.6,0.0806,46.8,53.9,20.8,18.8,31.4,37.6,41.1,51.9,44.8,56.3,34,33.5,33.3,38.9,69.8,-17.4
355,Morgan St.,MEAC,27,11–16,98.2,121.5,0.0793,45.8,51.7,17.8,16.5,30.7,35.2,42.7,50.9,44.9,53.7,31.7,31.5,35.2,31.9,71.4,-13.1
356,Bryant,AE,29,7–22,95.9,118.8,0.0782,46.9,52.7,20.2,14.6,27.7,31,29.4,33.5,48.7,51.8,30,36.3,47.9,35.8,65.2,-18
357,UMKC,Sum,28,1–27,93.6,116.8,0.0725,45.7,56.3,18.2,16.4,26.4,35.9,29.2,31.4,47.6,56.2,28.4,37.6,36.8,39,70.7,-21.6
358,Rider,MAAC,28,3–25,95.5,119.3,0.0723,42.8,55.2,16.9,15.3,32.6,32.8,30.1,32.5,43.3,54,27.7,37.9,27.5,39.9,66.6,-19.7
359,VMI,SC,29,3–26,98.6,123.5,0.0703,47.6,57,15.3,15.7,25.6,37.2,30.6,34.6,47.9,58.9,31.5,36.5,53.6,46.5,67.8,-22.4
360,Binghamton,AE,28,5–23,97.4,123,0.064,50,54.3,18.8,13.3,20.9,29.4,41.5,34.6,50.6,54.7,32.5,35.8,30.9,39.2,66.5,-20.5
361,Delaware St.,MEAC,27,5–22,88.1,113.1,0.0532,42.9,52.9,19.9,19.5,27.7,32,34.1,40.5,43.1,54.8,28.4,33,28.9,34.7,66.5,-18.8
362,Gardner Webb,BSth,30,2–28,95.1,122.2,0.0528,47.8,56.9,19.8,15.3,23.2,36.6,30.3,35.2,48.6,59,31,36,39.8,41,70.6,-22.2
363,Coppin St.,MEAC,30,6–24,91.6,119.9,0.043,45.9,55.4,22.3,17.5,30.4,34.8,38.5,42.9,45.8,53.9,30.7,38.3,35.2,43.2,69.5,-19.2
364,Western Illinois,OVC,28,2–26,93,122,0.042,44.5,54.2,17.5,14.9,27,34.8,37.7,34.8,43.5,54.6,30.9,35.6,33.3,34.6,67.4,-23.1
365,Mississippi Valley St.,SWAC,32,2–30,90.4,120.5,0.0356,45.2,55.5,21.9,17.1,26.4,35.5,33.9,50.8,45.6,55.3,29.5,37.2,30.2,42.5,68.2,-24.9
